carbon,layer,arch,subarch,arch_dim,model,normalized_carbon
5.371365105598987e-06,projection,mugi,vlp,128x8,llama_2_7b,0.19245416927947084
9.662861538297614e-06,attention,mugi,vlp,128x8,llama_2_7b,0.3462170144191376
1.0826587587691706e-05,ffn,mugi,vlp,128x8,llama_2_7b,0.3879129195944469
2.79031637937613e-07,nonlinear,mugi,vlp,128x8,llama_2_7b,0.009997607875509509
4.426985793309138e-06,onchip_em,mugi,vlp,128x8,llama_2_7b,0.1586173824555759
1.023172573978931e-05,projection,mugi,vlp,128x8,llama_2_13b,0.2105528543333951
1.5019853632475126e-05,attention,mugi,vlp,128x8,llama_2_13b,0.30908501013559925
2.071915621924901e-05,ffn,mugi,vlp,128x8,llama_2_13b,0.42636771081319325
4.409860061606113e-07,nonlinear,mugi,vlp,128x8,llama_2_13b,0.009074799762968709
7.968996721232795e-06,onchip_em,mugi,vlp,128x8,llama_2_13b,0.1639894430813372
4.973247119029841e-05,projection,mugi,vlp,128x8,llama_2_70b,0.2183386451836905
4.756197948945001e-05,attention,mugi,vlp,128x8,llama_2_70b,0.20880961503491055
0.0001305475288666205,ffn,mugi,vlp,128x8,llama_2_70b,0.573138030397673
1.442589805245482e-06,nonlinear,mugi,vlp,128x8,llama_2_70b,0.0063333491397979435
4.0755513100248526e-05,onchip_em,mugi,vlp,128x8,llama_2_70b,0.17892743515649576
2.7974515044965058e-05,projection,mugi,vlp,128x8,llama_2_70b_GQA,0.18354045536730895
6.2172178945521895e-06,attention,mugi,vlp,128x8,llama_2_70b_GQA,0.040791091522041294
0.0001305475288666205,ffn,mugi,vlp,128x8,llama_2_70b_GQA,0.8565207602971109
1.442589805245482e-06,nonlinear,mugi,vlp,128x8,llama_2_70b_GQA,0.009464814290342741
2.9216442340137995e-05,onchip_em,mugi,vlp,128x8,llama_2_70b_GQA,0.19168872535242734
5.9239465110862695e-06,projection,mugi,lut,128x8,llama_2_7b,0.21225297149484887
1.0767590569548068e-05,attention,mugi,lut,128x8,llama_2_7b,0.38579907667117136
1.1940384483127012e-05,ffn,mugi,lut,128x8,llama_2_7b,0.42781988030981827
2.912547265343906e-07,nonlinear,mugi,lut,128x8,llama_2_7b,0.010435556947239922
4.990923084304868e-06,onchip_em,mugi,lut,128x8,llama_2_7b,0.1788230621534924
1.1310986297381657e-05,projection,mugi,lut,128x8,llama_2_13b,0.23276234242461907
1.6745992743803965e-05,attention,mugi,lut,128x8,llama_2_13b,0.34460624341625995
2.2904658848373515e-05,ffn,mugi,lut,128x8,llama_2_13b,0.47134192419792176
4.6009737681067534e-07,nonlinear,mugi,lut,128x8,llama_2_13b,0.00946808177061147
8.984137639398387e-06,onchip_em,mugi,lut,128x8,llama_2_13b,0.18487944964583983
5.525828524517123e-05,projection,mugi,lut,128x8,llama_2_70b,0.24259842406460172
5.3085624645702294e-05,attention,mugi,lut,128x8,llama_2_70b,0.23305987187971508
0.00014505279076066168,ffn,mugi,lut,128x8,llama_2_70b,0.6368199499600651
1.5063967955032062e-06,nonlinear,mugi,lut,128x8,llama_2_70b,0.006613478630102422
4.5947206664215234e-05,onchip_em,mugi,lut,128x8,llama_2_70b,0.20172033709430465
3.108278545083102e-05,projection,mugi,lut,128x8,llama_2_70b_GQA,0.20393377996222622
6.908109394308906e-06,attention,mugi,lut,128x8,llama_2_70b_GQA,0.04532402230818458
0.00014505279076066168,ffn,mugi,lut,128x8,llama_2_70b_GQA,0.9516896084067249
1.5063967955032062e-06,nonlinear,mugi,lut,128x8,llama_2_70b_GQA,0.00988345118283922
3.2938216503211255e-05,onchip_em,mugi,lut,128x8,llama_2_70b_GQA,0.2161072406892177
4.236718628833264e-06,projection,mugi,vlp,256x8,llama_2_7b,0.1518001752167317
1.1055259329931696e-05,attention,mugi,vlp,256x8,llama_2_7b,0.3961061496812665
8.539561288993219e-06,ffn,mugi,vlp,256x8,llama_2_7b,0.3059695517944214
2.608177633013682e-07,nonlinear,mugi,vlp,256x8,llama_2_7b,0.009345010994909262
3.817483163922579e-06,onchip_em,mugi,vlp,256x8,llama_2_7b,0.13677911231267106
8.020847247561875e-06,projection,mugi,vlp,256x8,llama_2_13b,0.16505644552011656
1.71970292276855e-05,attention,mugi,vlp,256x8,llama_2_13b,0.3538878662338504
1.624212161366425e-05,ffn,mugi,vlp,256x8,llama_2_13b,0.33423736651658503
4.1488842002207677e-07,nonlinear,mugi,vlp,256x8,llama_2_13b,0.008537752407280573
6.719685016504358e-06,onchip_em,mugi,vlp,256x8,llama_2_13b,0.13828056932216737
3.8466336909497954e-05,projection,mugi,vlp,256x8,llama_2_70b,0.16887734884241085
5.4538887287660797e-05,attention,mugi,vlp,256x8,llama_2_70b,0.23944007758329144
0.00010097391306550734,ffn,mugi,vlp,256x8,llama_2_70b,0.4433020690497952
1.3467864847487967e-06,nonlinear,mugi,vlp,256x8,llama_2_70b,0.00591274733376049
3.2450845447328366e-05,onchip_em,mugi,vlp,256x8,llama_2_70b,0.142467757190742
2.1637314512352553e-05,projection,mugi,vlp,256x8,llama_2_70b_GQA,0.14196215920596061
7.089571675609989e-06,attention,mugi,vlp,256x8,llama_2_70b_GQA,0.046514594144316766
0.00010097391306550734,ffn,mugi,vlp,256x8,llama_2_70b_GQA,0.662488624180739
1.3467864847487967e-06,nonlinear,mugi,vlp,256x8,llama_2_70b_GQA,0.008836249861561816
2.1368485089225176e-05,onchip_em,mugi,vlp,256x8,llama_2_70b_GQA,0.14019837260742188
4.790999700307458e-06,projection,mugi,lut,256x8,llama_2_7b,0.1716598758814113
1.2725759717509638e-05,attention,mugi,lut,256x8,llama_2_7b,0.45595960556294324
9.656784073683393e-06,ffn,mugi,lut,256x8,llama_2_7b,0.34599926094666633
2.731139161027874e-07,nonlinear,mugi,lut,256x8,llama_2_7b,0.009785577932029927
4.496906748720397e-06,onchip_em,mugi,lut,256x8,llama_2_7b,0.16112262630408547
9.103427465284909e-06,projection,mugi,lut,256x8,llama_2_13b,0.18733424700574813
1.9807186083276035e-05,attention,mugi,lut,256x8,llama_2_13b,0.40760079699246776
1.8434346554553395e-05,ffn,mugi,lut,256x8,llama_2_13b,0.37934991452498906
4.3411373184971735e-07,nonlinear,mugi,lut,256x8,llama_2_13b,0.008933379145497137
7.91563331190807e-06,onchip_em,mugi,lut,256x8,llama_2_13b,0.16289130788537626
4.400914762423988e-05,projection,mugi,lut,256x8,llama_2_70b,0.19321174753608517
6.289138922555049e-05,attention,mugi,lut,256x8,llama_2_70b,0.2761097606568472
0.00011552379119170496,ffn,mugi,lut,256x8,llama_2_70b,0.5071798656206907
1.4109748849060602e-06,nonlinear,mugi,lut,256x8,llama_2_70b,0.006194551313965267
3.822634432887128e-05,onchip_em,mugi,lut,256x8,llama_2_70b,0.167823718213286
2.4755145539394893e-05,projection,mugi,lut,256x8,llama_2_70b_GQA,0.16241821092095435
8.134508809560516e-06,attention,mugi,lut,256x8,llama_2_70b_GQA,0.053370414060666276
0.00011552379119170496,ffn,mugi,lut,256x8,llama_2_70b_GQA,0.75795019885071
1.4109748849060602e-06,nonlinear,mugi,lut,256x8,llama_2_70b_GQA,0.00925738917980296
2.5171580510372265e-05,onchip_em,mugi,lut,256x8,llama_2_70b_GQA,0.1651504357363338
6.173739219162422e-06,projection,carat,,128x8,llama_2_7b,0.2212029585427884
1.0905795955619562e-05,attention,carat,,128x8,llama_2_7b,0.3907509282477124
1.2443866989909392e-05,ffn,carat,,128x8,llama_2_7b,0.4458594858262158
8.639708323490521e-07,nonlinear,carat,,128x8,llama_2_7b,0.030955778568861166
4.989381875384572e-06,onchip_em,carat,,128x8,llama_2_7b,0.17876784116653463
1.1715593229743236e-05,projection,carat,,128x8,llama_2_13b,0.2410885179553525
1.6941636820676872e-05,attention,carat,,128x8,llama_2_13b,0.34863229140333796
2.3723980430737264e-05,ffn,carat,,128x8,llama_2_13b,0.488202276221704
1.4223969171452031e-06,nonlinear,carat,,128x8,llama_2_13b,0.02927069572782658
8.987068734857177e-06,onchip_em,carat,,128x8,llama_2_13b,0.18493976698925452
5.647723286152266e-05,projection,carat,,128x8,llama_2_70b,0.24794992510072916
5.358175399843724e-05,attention,carat,,128x8,llama_2_70b,0.2352380103900158
0.00014825251070974923,ffn,carat,,128x8,llama_2_70b,0.6508675631578441
4.5000430875615534e-06,nonlinear,carat,,128x8,llama_2_70b,0.01975637420563347
4.580483691689356e-05,onchip_em,carat,,128x8,llama_2_70b,0.2010952964116003
3.176844348460649e-05,projection,carat,,128x8,llama_2_70b_GQA,0.2084323740412701
7.059147845382625e-06,attention,carat,,128x8,llama_2_70b_GQA,0.046314983761617634
0.00014825251070974923,ffn,carat,,128x8,llama_2_70b_GQA,0.9726829323503009
4.5000430875615534e-06,nonlinear,carat,,128x8,llama_2_70b_GQA,0.02952472835135756
3.288368533417949e-05,onchip_em,carat,,128x8,llama_2_70b_GQA,0.21574946234776246
5.337143935063464e-06,projection,carat,,256x8,llama_2_7b,0.19122803647752817
1.344717556624716e-05,attention,carat,,256x8,llama_2_7b,0.48180768796737733
1.0757610542052395e-05,ffn,carat,,256x8,llama_2_7b,0.3854414957092918
8.089335889561839e-07,nonlinear,carat,,256x8,llama_2_7b,0.028983813016646983
4.751142349914941e-06,onchip_em,carat,,256x8,llama_2_7b,0.17023180068848184
1.0035811914895126e-05,projection,carat,,256x8,llama_2_13b,0.20652125535547988
2.0899503126070192e-05,attention,carat,,256x8,llama_2_13b,0.4300789670535487
2.032243072506869e-05,ffn,carat,,256x8,llama_2_13b,0.41820372290823465
1.4407981944673742e-06,nonlinear,carat,,256x8,llama_2_13b,0.029649365129460023
8.389811972979561e-06,onchip_em,carat,,256x8,llama_2_13b,0.17264916038178668
4.740765824519151e-05,projection,carat,,256x8,llama_2_70b,0.20813210413332006
6.616347434780226e-05,attention,carat,,256x8,llama_2_70b,0.290475076021621
0.00012444489488752433,ffn,carat,,256x8,llama_2_70b,0.5463458601483945
4.2131793556447635e-06,nonlinear,carat,,256x8,llama_2_70b,0.01849696687919304
4.030380217379018e-05,onchip_em,carat,,256x8,llama_2_70b,0.17694430523479535
2.6666807762920227e-05,projection,carat,,256x8,llama_2_70b_GQA,0.17496060368273603
8.68660776764366e-06,attention,carat,,256x8,llama_2_70b_GQA,0.056992728657059434
0.00012444489488752433,ffn,carat,,256x8,llama_2_70b_GQA,0.8164814524605691
4.2131793556447635e-06,nonlinear,carat,,256x8,llama_2_70b_GQA,0.027642618870648276
2.6585045494926776e-05,onchip_em,carat,,256x8,llama_2_70b_GQA,0.1744241624298578
6.726925640779623e-06,projection,systolic,mac,16x16,llama_2_7b,0.24102343827857234
1.1793045212341545e-05,attention,systolic,mac,16x16,llama_2_7b,0.4225407647770271
1.3558889292636529e-05,ffn,systolic,mac,16x16,llama_2_7b,0.4858103524645215
2.921841415135635e-06,nonlinear,systolic,mac,16x16,llama_2_7b,0.10468857567141214
5.638464247431376e-06,onchip_em,systolic,mac,16x16,llama_2_7b,0.20202423991254498
1.2764556649536102e-05,projection,systolic,mac,16x16,llama_2_13b,0.2626745385100097
1.8325957188002465e-05,attention,systolic,mac,16x16,llama_2_13b,0.377119431507062
2.5848138812716656e-05,ffn,systolic,mac,16x16,llama_2_13b,0.5319141212961573
4.568424219411483e-06,nonlinear,systolic,mac,16x16,llama_2_13b,0.09401099908906543
1.0056565921022013e-05,onchip_em,systolic,mac,16x16,llama_2_13b,0.20694834022268616
6.152554325495367e-05,projection,systolic,mac,16x16,llama_2_70b,0.270113337161047
5.799873686909881e-05,attention,systolic,mac,16x16,llama_2_70b,0.2546297283701982
0.00016150434303814992,ffn,systolic,mac,16x16,llama_2_70b,0.7090465968461774
1.5242984794185343e-05,nonlinear,systolic,mac,16x16,llama_2_70b,0.06692071736759504
5.033923745354629e-05,onchip_em,systolic,mac,16x16,llama_2_70b,0.22100250886651018
3.460811808091143e-05,projection,systolic,mac,16x16,llama_2_70b_GQA,0.22706344477343615
7.64527409615422e-06,attention,systolic,mac,16x16,llama_2_70b_GQA,0.05016055101439881
0.00016150434303814992,ffn,systolic,mac,16x16,llama_2_70b_GQA,1.0596280442171695
1.5242984794185343e-05,nonlinear,systolic,mac,16x16,llama_2_70b_GQA,0.10000903914812578
3.672132074162234e-05,onchip_em,systolic,mac,16x16,llama_2_70b_GQA,0.24092814190962822
7.318032748397821e-06,projection,systolic,figna,16x16,llama_2_7b,0.26220260318644073
1.292698262322937e-05,attention,systolic,figna,16x16,llama_2_7b,0.4631693532525809
1.4750339556429462e-05,ffn,systolic,figna,16x16,llama_2_7b,0.5284996067319438
3.1536853148406017e-06,nonlinear,systolic,figna,16x16,llama_2_7b,0.11299546307210702
6.145655832577446e-06,onchip_em,systolic,figna,16x16,llama_2_7b,0.2201967404344472
1.3909852056200456e-05,projection,systolic,figna,16x16,llama_2_13b,0.28624292013602776
2.0095977960925603e-05,attention,systolic,figna,16x16,llama_2_13b,0.41354368049949475
2.816736201121198e-05,ffn,systolic,figna,16x16,llama_2_13b,0.579640094088844
4.930925757249045e-06,nonlinear,systolic,figna,16x16,llama_2_13b,0.10147071169601377
1.0961174939857716e-05,onchip_em,systolic,figna,16x16,llama_2_13b,0.22556377380794088
6.729513854895422e-05,projection,systolic,figna,16x16,llama_2_70b,0.29544337987961633
6.365156218054088e-05,attention,systolic,figna,16x16,llama_2_70b,0.27944712011487194
0.00017664953068490137,ffn,systolic,figna,16x16,llama_2_70b,0.775537958982422
1.6453256758808713e-05,nonlinear,systolic,figna,16x16,llama_2_70b,0.0722341300079711
5.486735655100081e-05,onchip_em,systolic,figna,16x16,llama_2_70b,0.24088214414917195
3.785351543378674e-05,projection,systolic,figna,16x16,llama_2_70b_GQA,0.24835645761162664
8.362218670022321e-06,attention,systolic,figna,16x16,llama_2_70b_GQA,0.05486441570514906
0.00017664953068490137,ffn,systolic,figna,16x16,llama_2_70b_GQA,1.1589954374620586
1.6453256758808713e-05,nonlinear,systolic,figna,16x16,llama_2_70b_GQA,0.10794961889180364
4.002447991020006e-05,onchip_em,systolic,figna,16x16,llama_2_70b_GQA,0.26260012932306415
6.762554601454571e-06,projection,systolic,taylor,16x16,llama_2_7b,0.24230001171831866
1.1863880077544256e-05,attention,systolic,taylor,16x16,llama_2_7b,0.42507875369988046
1.3630703916496972e-05,ffn,systolic,taylor,16x16,llama_2_7b,0.4883834458040103
8.927366368985316e-07,nonlinear,systolic,taylor,16x16,llama_2_7b,0.03198644747879153
5.33429389878278e-06,onchip_em,systolic,taylor,16x16,llama_2_7b,0.19112592065519401
1.2834144463354358e-05,projection,systolic,taylor,16x16,llama_2_13b,0.2641065464819666
1.8436636664881698e-05,attention,systolic,taylor,16x16,llama_2_13b,0.3793970414006135
2.5989054135698628e-05,ffn,systolic,taylor,16x16,llama_2_13b,0.5348139374393701
1.3957868088416783e-06,nonlinear,systolic,taylor,16x16,llama_2_13b,0.028723101470521626
9.587244706752244e-06,onchip_em,systolic,taylor,16x16,llama_2_13b,0.19729044635641158
6.188183286170312e-05,projection,systolic,taylor,16x16,llama_2_70b,0.2716775423607653
5.835291119511236e-05,attention,systolic,taylor,16x16,llama_2_70b,0.25618464693044324
0.00016243960325586725,ffn,systolic,taylor,16x16,llama_2_70b,0.7131526354954381
4.64793243153903e-06,nonlinear,systolic,taylor,16x16,llama_2_70b,0.02040564737119951
4.8857020175695e-05,onchip_em,systolic,taylor,16x16,llama_2_70b,0.214495184686387
3.4808530984708e-05,projection,systolic,taylor,16x16,llama_2_70b_GQA,0.22837835141489832
7.689555327113215e-06,attention,systolic,taylor,16x16,llama_2_70b_GQA,0.05045107963594508
0.00016243960325586725,ffn,systolic,taylor,16x16,llama_2_70b_GQA,1.0657642752106595
4.64793243153903e-06,nonlinear,systolic,taylor,16x16,llama_2_70b_GQA,0.030495028551163317
3.51703059454728e-05,onchip_em,systolic,taylor,16x16,llama_2_70b_GQA,0.2307519525633912
6.951780945877818e-06,projection,systolic,pwl,16x16,llama_2_7b,0.2490799267316933
1.2240085904099475e-05,attention,systolic,pwl,16x16,llama_2_7b,0.4385580794214388
1.4012113266975076e-05,ffn,systolic,pwl,16x16,llama_2_7b,0.5020492120028434
4.5790171148557906e-07,nonlinear,systolic,pwl,16x16,llama_2_7b,0.016406461255770066
5.486778815242908e-06,onchip_em,systolic,pwl,16x16,llama_2_7b,0.1965894029074791
1.3203727167306011e-05,projection,systolic,pwl,16x16,llama_2_13b,0.2717119783717855
1.902445826887423e-05,attention,systolic,pwl,16x16,llama_2_13b,0.39149348726977445
2.6737459111200722e-05,ffn,systolic,pwl,16x16,llama_2_13b,0.5502149370162533
7.158968942557583e-07,nonlinear,systolic,pwl,16x16,llama_2_13b,0.014732034294838959
9.872830901653953e-06,onchip_em,systolic,pwl,16x16,llama_2_13b,0.203167361944652
6.37740963059356e-05,projection,systolic,pwl,16x16,llama_2_70b,0.2799850771937607
6.023394032788846e-05,attention,systolic,pwl,16x16,llama_2_70b,0.2644428601776769
0.00016740679479697752,ffn,systolic,pwl,16x16,llama_2_70b,0.7349599144320509
2.378006329812418e-06,nonlinear,systolic,pwl,16x16,llama_2_70b,0.010440074017290517
5.044789985303519e-05,onchip_em,systolic,pwl,16x16,llama_2_70b,0.2214795654156616
3.587292917208876e-05,projection,systolic,pwl,16x16,llama_2_70b_GQA,0.2353618550677763
7.924734105898748e-06,attention,systolic,pwl,16x16,llama_2_70b_GQA,0.051994084763349185
0.00016740679479697752,ffn,systolic,pwl,16x16,llama_2_70b_GQA,1.0983539589240905
2.378006329812418e-06,nonlinear,systolic,pwl,16x16,llama_2_70b_GQA,0.015602070811185333
3.624339495748944e-05,onchip_em,systolic,pwl,16x16,llama_2_70b_GQA,0.23779247661174782
6.604430408037382e-06,projection,simd,mac,16x16,llama_2_7b,0.2366344761070138
1.1623192169875873e-05,attention,simd,mac,16x16,llama_2_7b,0.4164549885274761
1.3311984839140447e-05,ffn,simd,mac,16x16,llama_2_7b,0.4769638505874737
2.913102520894117e-06,nonlinear,simd,mac,16x16,llama_2_7b,0.10437546408830277
5.5580517398674834e-06,onchip_em,simd,mac,16x16,llama_2_7b,0.19914308734915723
1.2541830419119732e-05,projection,simd,mac,16x16,llama_2_13b,0.2580911823155883
1.8063814582126198e-05,attention,simd,mac,16x16,llama_2_13b,0.3717249481800706
2.5397118196123513e-05,ffn,simd,mac,16x16,llama_2_13b,0.5226328250024542
4.5547604456154876e-06,nonlinear,simd,mac,16x16,llama_2_13b,0.09372982007323971
9.913145009280067e-06,onchip_em,simd,mac,16x16,llama_2_13b,0.2039969629959754
6.055437301060309e-05,projection,simd,mac,16x16,llama_2_70b,0.2658496440382411
5.718069827734337e-05,attention,simd,mac,16x16,llama_2_70b,0.25103832352831096
0.0001589550211467297,ffn,simd,mac,16x16,llama_2_70b,0.697854402398812
1.519736600190408e-05,nonlinear,simd,mac,16x16,llama_2_70b,0.06672043885612727
4.962132843881095e-05,onchip_em,simd,mac,16x16,llama_2_70b,0.21785069923608405
3.406183481846423e-05,projection,simd,mac,16x16,llama_2_70b_GQA,0.22347928688587543
7.524782494291984e-06,attention,simd,mac,16x16,llama_2_70b_GQA,0.049370007069734025
0.0001589550211467297,ffn,simd,mac,16x16,llama_2_70b_GQA,1.0429019740752197
1.519736600190408e-05,nonlinear,simd,mac,16x16,llama_2_70b_GQA,0.09970973480289759
3.619762255851565e-05,onchip_em,simd,mac,16x16,llama_2_70b_GQA,0.23749216445486504
7.195537515655581e-06,projection,simd,figna,16x16,llama_2_7b,0.2578136410148823
1.2757129580763705e-05,attention,simd,figna,16x16,llama_2_7b,0.45708357700303004
1.4503435102933378e-05,ffn,simd,figna,16x16,llama_2_7b,0.519653104854896
3.144946420599085e-06,nonlinear,simd,figna,16x16,llama_2_7b,0.11268235148899769
6.0652433250135545e-06,onchip_em,simd,figna,16x16,llama_2_7b,0.21731558787105948
1.3687125825784092e-05,projection,simd,figna,16x16,llama_2_13b,0.2816595639416065
1.9833835355049346e-05,attention,simd,figna,16x16,llama_2_13b,0.40814919717250353
2.771634139461884e-05,ffn,simd,figna,16x16,llama_2_13b,0.5703587977951409
4.91726198345305e-06,nonlinear,simd,figna,16x16,llama_2_13b,0.10118953268018804
1.0817754028115776e-05,onchip_em,simd,figna,16x16,llama_2_13b,0.22261239658123022
6.632396830460366e-05,projection,simd,figna,16x16,llama_2_70b,0.2911796867568105
6.283352358878547e-05,attention,simd,figna,16x16,llama_2_70b,0.2758557152729848
0.0001741002087934812,ffn,simd,figna,16x16,llama_2_70b,0.7643457645350568
1.640763796652746e-05,nonlinear,simd,figna,16x16,llama_2_70b,0.07203385149650338
5.4149447536265485e-05,onchip_em,simd,figna,16x16,llama_2_70b,0.23773033451874587
3.7307232171339554e-05,projection,simd,figna,16x16,llama_2_70b_GQA,0.24477229972406597
8.241727068160087e-06,attention,simd,figna,16x16,llama_2_70b_GQA,0.054073871760484275
0.0001741002087934812,ffn,simd,figna,16x16,llama_2_70b_GQA,1.142269367320109
1.640763796652746e-05,nonlinear,simd,figna,16x16,llama_2_70b_GQA,0.1076503145465755
3.950078172709339e-05,onchip_em,simd,figna,16x16,llama_2_70b_GQA,0.25916415186830105
