model,array_dim,array_m,array_n,pe_count,batch_size,frequency,max_seq_len,prefill_seq_len,cycle_count,decode_cycle_count,llama_cycle_count,runtime_ms,runtime_ms_per_sequence,throughput_tokens_per_s,total_data_moved,window_cycle_count,average_bandwidth,peak_bandwidth,peak_phase
deepseek_v4,32x32,32,32,1024,32,1000,1048576,2048,2.933e+15,2.930e+15,2.933e+15,2.933e+09,9.165e+07,1.142e+01,1.170e+17,2.933e+15,39.9,118.7,prefill
deepseek_v4,32x32,32,32,1024,64,1000,1048576,2048,5.866e+15,5.860e+15,5.866e+15,5.866e+09,9.166e+07,1.142e+01,1.622e+17,5.866e+15,27.7,97.4,prefill
deepseek_v4,32x32,32,32,1024,128,1000,1048576,2048,1.173e+16,1.172e+16,1.173e+16,1.173e+10,9.166e+07,1.142e+01,2.527e+17,1.173e+16,21.5,97.7,prefill
deepseek_v4,32x32,32,32,1024,256,1000,1048576,2048,2.346e+16,2.344e+16,2.346e+16,2.346e+10,9.165e+07,1.142e+01,4.337e+17,2.346e+16,18.5,110.4,prefill
deepseek_v4,32x32,32,32,1024,512,1000,1048576,2048,4.692e+16,4.688e+16,4.692e+16,4.692e+10,9.165e+07,1.142e+01,1.093e+18,4.692e+16,23.3,118.1,prefill
deepseek_v4,32x64,32,64,2048,512,1000,1048576,2048,2.348e+16,2.346e+16,2.348e+16,2.348e+10,4.586e+07,2.282e+01,1.093e+18,2.348e+16,46.6,238.8,prefill
deepseek_v4,32x128,32,128,4096,512,1000,1048576,2048,1.177e+16,1.176e+16,1.177e+16,1.177e+10,2.298e+07,4.554e+01,1.093e+18,1.177e+16,92.9,478.6,prefill
deepseek_v4,32x256,32,256,8192,512,1000,1048576,2048,5.924e+15,5.919e+15,5.985e+15,5.985e+09,1.169e+07,8.953e+01,1.093e+18,5.924e+15,184.5,956.4,prefill
deepseek_v4,32x512,32,512,16384,512,1000,1048576,2048,3.002e+15,3.000e+15,4.230e+15,4.230e+09,8.261e+06,1.267e+02,1.093e+18,3.002e+15,364.1,1860.7,prefill
deepseek_v4,32x1024,32,1024,32768,512,1000,1048576,2048,1.718e+15,1.717e+15,3.869e+15,3.869e+09,7.557e+06,1.385e+02,1.093e+18,1.718e+15,636.3,3446.4,prefill
deepseek_v4,32x2048,32,2048,65536,512,1000,1048576,2048,1.127e+15,1.126e+15,3.767e+15,3.767e+09,7.357e+06,1.423e+02,1.093e+18,1.127e+15,969.5,4964.7,prefill
deepseek_v4,32x4096,32,4096,131072,512,1000,1048576,2048,7.770e+14,7.764e+14,3.715e+15,3.715e+09,7.257e+06,1.442e+02,1.093e+18,7.770e+14,1406.8,7756.2,prefill
deepseek_v4,64x32,64,32,2048,512,1000,1048576,2048,2.348e+16,2.346e+16,2.348e+16,2.348e+10,4.586e+07,2.282e+01,9.109e+17,2.348e+16,38.8,119.8,prefill
deepseek_v4,64x64,64,64,4096,32,1000,1048576,2048,7.344e+14,7.337e+14,1.024e+15,1.024e+09,3.201e+07,3.269e+01,1.161e+17,1.024e+15,113.4,196.1,prefill
deepseek_v4,64x64,64,64,4096,64,1000,1048576,2048,1.469e+15,1.467e+15,1.469e+15,1.469e+09,2.295e+07,4.560e+01,1.593e+17,1.469e+15,108.4,197.0,prefill
deepseek_v4,64x64,64,64,4096,128,1000,1048576,2048,2.937e+15,2.935e+15,2.937e+15,2.937e+09,2.295e+07,4.560e+01,2.456e+17,2.937e+15,83.6,223.2,prefill
deepseek_v4,64x64,64,64,4096,256,1000,1048576,2048,5.875e+15,5.869e+15,5.875e+15,5.875e+09,2.295e+07,4.561e+01,4.182e+17,5.875e+15,71.2,239.0,prefill
deepseek_v4,64x64,64,64,4096,512,1000,1048576,2048,1.175e+16,1.174e+16,1.175e+16,1.175e+10,2.295e+07,4.561e+01,9.109e+17,1.175e+16,77.5,239.2,prefill
deepseek_v4,64x128,64,128,8192,512,1000,1048576,2048,5.888e+15,5.883e+15,5.888e+15,5.888e+09,1.150e+07,9.101e+01,9.109e+17,5.888e+15,154.7,479.4,prefill
deepseek_v4,64x256,64,256,16384,512,1000,1048576,2048,2.964e+15,2.962e+15,4.047e+15,4.047e+09,7.904e+06,1.324e+02,9.109e+17,2.964e+15,307.3,958.2,prefill
deepseek_v4,64x512,64,512,32768,512,1000,1048576,2048,1.502e+15,1.501e+15,3.328e+15,3.328e+09,6.501e+06,1.610e+02,9.109e+17,1.502e+15,606.4,1864.4,prefill
deepseek_v4,64x1024,64,1024,65536,512,1000,1048576,2048,8.600e+14,8.593e+14,3.175e+15,3.175e+09,6.201e+06,1.688e+02,9.109e+17,8.600e+14,1059.2,3448.9,prefill
deepseek_v4,64x2048,64,2048,131072,512,1000,1048576,2048,5.648e+14,5.643e+14,3.175e+15,3.175e+09,6.201e+06,1.688e+02,9.109e+17,5.648e+14,1613.0,4962.3,prefill
deepseek_v4,64x4096,64,4096,262144,512,1000,1048576,2048,3.896e+14,3.892e+14,3.175e+15,3.175e+09,6.201e+06,1.688e+02,9.109e+17,3.896e+14,2338.4,7735.1,prefill
deepseek_v4,128x32,128,32,4096,512,1000,1048576,2048,1.176e+16,1.174e+16,1.598e+16,1.598e+10,3.121e+07,3.353e+01,8.199e+17,1.598e+16,51.3,121.2,prefill
deepseek_v4,128x64,128,64,8192,512,1000,1048576,2048,5.883e+15,5.877e+15,7.995e+15,7.995e+09,1.562e+07,6.702e+01,8.199e+17,7.995e+15,102.5,242.0,prefill
deepseek_v4,128x128,128,128,16384,32,1000,1048576,2048,1.843e+14,1.841e+14,4.681e+14,4.681e+08,1.463e+07,7.154e+01,1.157e+17,4.681e+14,247.2,395.1,prefill
deepseek_v4,128x128,128,128,16384,64,1000,1048576,2048,3.685e+14,3.682e+14,6.458e+14,6.458e+08,1.009e+07,1.037e+02,1.578e+17,6.458e+14,244.3,448.5,prefill
deepseek_v4,128x128,128,128,16384,128,1000,1048576,2048,7.370e+14,7.363e+14,1.001e+15,1.001e+09,7.822e+06,1.338e+02,2.420e+17,1.001e+15,241.7,480.8,prefill
deepseek_v4,128x128,128,128,16384,256,1000,1048576,2048,1.474e+15,1.473e+15,2.003e+15,2.003e+09,7.822e+06,1.338e+02,4.104e+17,2.003e+15,205.0,481.4,prefill
deepseek_v4,128x128,128,128,16384,512,1000,1048576,2048,2.948e+15,2.945e+15,4.005e+15,4.005e+09,7.822e+06,1.338e+02,8.199e+17,4.005e+15,204.7,481.7,prefill
deepseek_v4,128x256,128,256,32768,512,1000,1048576,2048,1.484e+15,1.483e+15,3.247e+15,3.247e+09,6.342e+06,1.650e+02,8.199e+17,2.013e+15,407.2,962.7,prefill
deepseek_v4,128x512,128,512,65536,512,1000,1048576,2048,7.521e+14,7.514e+14,2.904e+15,2.904e+09,5.672e+06,1.845e+02,8.199e+17,1.017e+15,805.8,1873.3,prefill
deepseek_v4,128x1024,128,1024,131072,512,1000,1048576,2048,4.310e+14,4.307e+14,2.904e+15,2.904e+09,5.672e+06,1.845e+02,8.199e+17,5.644e+14,1452.7,3455.9,prefill
deepseek_v4,128x2048,128,2048,262144,512,1000,1048576,2048,2.834e+14,2.831e+14,2.904e+15,2.904e+09,5.672e+06,1.845e+02,8.199e+17,3.507e+14,2338.0,4959.4,prefill
deepseek_v4,128x4096,128,4096,524288,512,1000,1048576,2048,1.958e+14,1.956e+14,2.904e+15,2.904e+09,5.672e+06,1.845e+02,8.199e+17,2.300e+14,3564.9,7693.9,prefill
deepseek_v4,256x32,256,32,8192,512,1000,1048576,2048,8.020e+15,8.015e+15,2.216e+16,2.216e+10,4.329e+07,2.418e+01,7.743e+17,2.216e+16,34.9,123.4,prefill
deepseek_v4,256x64,256,64,16384,512,1000,1048576,2048,4.013e+15,4.010e+15,1.109e+16,1.109e+10,2.166e+07,4.831e+01,7.743e+17,1.109e+16,69.8,246.4,prefill
deepseek_v4,256x128,256,128,32768,512,1000,1048576,2048,2.010e+15,2.009e+15,5.554e+15,5.554e+09,1.085e+07,9.647e+01,7.743e+17,5.552e+15,139.5,490.5,prefill
deepseek_v4,256x256,256,256,65536,32,1000,1048576,2048,6.316e+13,6.312e+13,4.568e+14,4.568e+08,1.428e+07,7.331e+01,1.155e+17,3.017e+14,382.8,895.7,prefill
deepseek_v4,256x256,256,256,65536,64,1000,1048576,2048,1.263e+14,1.262e+14,6.232e+14,6.232e+08,9.738e+06,1.075e+02,1.571e+17,4.577e+14,343.2,960.7,prefill
deepseek_v4,256x256,256,256,65536,128,1000,1048576,2048,2.526e+14,2.525e+14,9.561e+14,9.561e+08,7.470e+06,1.401e+02,2.402e+17,7.698e+14,312.1,962.9,prefill
deepseek_v4,256x256,256,256,65536,256,1000,1048576,2048,5.053e+14,5.049e+14,1.623e+15,1.623e+09,6.339e+06,1.651e+02,4.066e+17,1.394e+15,291.7,964.0,prefill
deepseek_v4,256x256,256,256,65536,512,1000,1048576,2048,1.011e+15,1.010e+15,2.963e+15,2.963e+09,5.787e+06,1.808e+02,7.743e+17,2.788e+15,277.8,972.8,prefill
deepseek_v4,256x512,256,512,131072,512,1000,1048576,2048,5.106e+14,5.103e+14,2.862e+15,2.862e+09,5.590e+06,1.872e+02,7.743e+17,1.405e+15,551.1,1894.0,prefill
deepseek_v4,256x1024,256,1024,262144,512,1000,1048576,2048,2.841e+14,2.839e+14,2.862e+15,2.862e+09,5.590e+06,1.872e+02,7.743e+17,7.604e+14,1018.3,3469.2,prefill
deepseek_v4,256x2048,256,2048,524288,512,1000,1048576,2048,1.772e+14,1.771e+14,2.862e+15,2.862e+09,5.590e+06,1.872e+02,7.743e+17,4.422e+14,1751.1,4944.8,prefill
deepseek_v4,256x4096,256,4096,1048576,512,1000,1048576,2048,1.169e+14,1.168e+14,2.862e+15,2.862e+09,5.590e+06,1.872e+02,7.743e+17,2.778e+14,2787.4,7578.9,prefill
deepseek_v4,512x32,512,32,16384,512,1000,1048576,2048,6.151e+15,6.149e+15,3.802e+16,3.802e+10,7.425e+07,1.409e+01,7.519e+17,3.801e+16,19.8,129.8,prefill
deepseek_v4,512x64,512,64,32768,512,1000,1048576,2048,3.078e+15,3.076e+15,1.902e+16,1.902e+10,3.715e+07,2.817e+01,7.519e+17,1.902e+16,39.5,259.2,prefill
deepseek_v4,512x128,512,128,65536,512,1000,1048576,2048,1.541e+15,1.540e+15,9.522e+15,9.522e+09,1.860e+07,5.627e+01,7.519e+17,9.519e+15,79.0,516.1,prefill
deepseek_v4,512x256,512,256,131072,512,1000,1048576,2048,7.736e+14,7.733e+14,5.088e+15,5.088e+09,9.937e+06,1.053e+02,7.519e+17,4.774e+15,157.5,1024.6,prefill
deepseek_v4,512x512,512,512,262144,32,1000,1048576,2048,2.437e+13,2.436e+13,4.517e+14,4.517e+08,1.412e+07,7.414e+01,1.154e+17,2.187e+14,527.5,1950.7,prefill
deepseek_v4,512x512,512,512,262144,64,1000,1048576,2048,4.873e+13,4.871e+13,6.130e+14,6.130e+08,9.578e+06,1.093e+02,1.567e+17,3.642e+14,430.3,1958.5,prefill
deepseek_v4,512x512,512,512,262144,128,1000,1048576,2048,9.747e+13,9.742e+13,9.356e+14,9.356e+08,7.310e+06,1.432e+02,2.393e+17,6.551e+14,365.3,1962.4,prefill
deepseek_v4,512x512,512,512,262144,256,1000,1048576,2048,1.949e+14,1.948e+14,1.582e+15,1.582e+09,6.179e+06,1.694e+02,4.046e+17,1.237e+15,327.1,1979.7,prefill
deepseek_v4,512x512,512,512,262144,512,1000,1048576,2048,3.899e+14,3.897e+14,2.874e+15,2.874e+09,5.613e+06,1.864e+02,7.519e+17,2.401e+15,313.2,1988.4,prefill
deepseek_v4,512x1024,512,1024,524288,512,1000,1048576,2048,2.106e+14,2.105e+14,2.862e+15,2.862e+09,5.590e+06,1.872e+02,7.519e+17,1.264e+15,594.8,3552.5,prefill
deepseek_v4,512x2048,512,2048,1048576,512,1000,1048576,2048,1.241e+14,1.240e+14,2.862e+15,2.862e+09,5.590e+06,1.872e+02,7.519e+17,6.953e+14,1081.4,4950.7,prefill
deepseek_v4,512x4096,512,4096,2097152,512,1000,1048576,2048,7.739e+13,7.735e+13,2.862e+15,2.862e+09,5.590e+06,1.872e+02,7.519e+17,4.098e+14,1834.8,7293.9,prefill
deepseek_v4,1024x32,1024,32,32768,512,1000,1048576,2048,5.394e+15,5.393e+15,7.346e+16,7.346e+10,1.435e+08,7.294e+00,7.427e+17,7.346e+16,10.1,153.7,prefill
deepseek_v4,1024x64,1024,64,65536,512,1000,1048576,2048,2.699e+15,2.698e+15,3.675e+16,3.675e+10,7.178e+07,1.458e+01,7.427e+17,3.675e+16,20.2,306.6,prefill
deepseek_v4,1024x128,1024,128,131072,512,1000,1048576,2048,1.352e+15,1.351e+15,1.840e+16,1.840e+10,3.593e+07,2.912e+01,7.427e+17,1.840e+16,40.4,608.7,prefill
deepseek_v4,1024x256,1024,256,262144,512,1000,1048576,2048,6.787e+14,6.785e+14,9.373e+15,9.373e+09,1.831e+07,5.717e+01,7.427e+17,9.226e+15,80.5,1204.2,prefill
deepseek_v4,1024x512,1024,512,524288,512,1000,1048576,2048,3.421e+14,3.421e+14,5.011e+15,5.011e+09,9.787e+06,1.069e+02,7.427e+17,4.640e+15,160.1,2290.8,prefill
deepseek_v4,1024x1024,1024,1024,1048576,512,1000,1048576,2048,1.810e+14,1.809e+14,2.898e+15,2.898e+09,5.661e+06,1.849e+02,7.430e+17,2.403e+15,309.2,4030.1,prefill
deepseek_v4,1024x2048,1024,2048,2097152,512,1000,1048576,2048,1.014e+14,1.014e+14,2.876e+15,2.876e+09,5.617e+06,1.863e+02,7.430e+17,1.279e+15,580.8,5339.5,prefill
deepseek_v4,1024x4096,1024,4096,4194304,512,1000,1048576,2048,6.031e+13,6.028e+13,2.876e+15,2.876e+09,5.617e+06,1.863e+02,7.331e+17,7.194e+14,1019.1,6050.3,prefill
deepseek_v4,2048x32,2048,32,65536,512,1000,1048576,2048,5.054e+15,5.053e+15,1.443e+17,1.443e+11,2.818e+08,3.714e+00,7.412e+17,1.443e+17,5.1,155.8,prefill
deepseek_v4,2048x64,2048,64,131072,512,1000,1048576,2048,2.529e+15,2.528e+15,7.218e+16,7.218e+10,1.410e+08,7.423e+00,7.412e+17,7.218e+16,10.3,310.5,prefill
deepseek_v4,2048x128,2048,128,262144,512,1000,1048576,2048,1.266e+15,1.266e+15,3.614e+16,3.614e+10,7.058e+07,1.483e+01,7.412e+17,3.613e+16,20.5,616.5,prefill
deepseek_v4,2048x256,2048,256,524288,512,1000,1048576,2048,6.360e+14,6.359e+14,1.824e+16,1.824e+10,3.563e+07,2.937e+01,7.412e+17,1.812e+16,40.9,1219.4,prefill
deepseek_v4,2048x512,2048,512,1048576,512,1000,1048576,2048,3.207e+14,3.206e+14,9.320e+15,9.320e+09,1.820e+07,5.749e+01,7.415e+17,9.114e+15,81.4,2371.0,prefill
deepseek_v4,2048x1024,2048,1024,2097152,512,1000,1048576,2048,1.668e+14,1.668e+14,5.042e+15,5.042e+09,9.847e+06,1.063e+02,7.415e+17,4.670e+15,158.8,4063.7,prefill
deepseek_v4,2048x2048,2048,2048,4194304,512,1000,1048576,2048,9.004e+13,9.000e+13,2.928e+15,2.928e+09,5.719e+06,1.830e+02,7.323e+17,2.433e+15,301.0,4967.0,prefill
deepseek_v4,2048x4096,2048,4096,8388608,512,1000,1048576,2048,5.122e+13,5.119e+13,2.886e+15,2.886e+09,5.636e+06,1.857e+02,7.322e+17,1.323e+15,553.5,4836.5,prefill
deepseek_v4,4096x32,4096,32,131072,512,1000,1048576,2048,4.843e+15,4.842e+15,2.860e+17,2.860e+11,5.585e+08,1.874e+00,7.434e+17,2.860e+17,2.6,113.9,prefill
deepseek_v4,4096x64,4096,64,262144,512,1000,1048576,2048,2.423e+15,2.423e+15,1.431e+17,1.431e+11,2.794e+08,3.745e+00,7.434e+17,1.431e+17,5.2,227.4,prefill
deepseek_v4,4096x128,4096,128,524288,512,1000,1048576,2048,1.213e+15,1.213e+15,7.162e+16,7.162e+10,1.399e+08,7.482e+00,7.434e+17,7.161e+16,10.4,457.2,prefill
deepseek_v4,4096x256,4096,256,1048576,512,1000,1048576,2048,6.094e+14,6.094e+14,3.604e+16,3.604e+10,7.038e+07,1.487e+01,7.459e+17,3.592e+16,20.8,966.7,prefill
deepseek_v4,4096x512,4096,512,2097152,512,1000,1048576,2048,3.074e+14,3.073e+14,1.827e+16,1.827e+10,3.569e+07,2.933e+01,7.459e+17,1.807e+16,41.3,1942.5,prefill
deepseek_v4,4096x1024,4096,1024,4194304,512,1000,1048576,2048,1.589e+14,1.589e+14,9.468e+15,9.468e+09,1.849e+07,5.659e+01,7.318e+17,9.219e+15,79.4,3233.2,prefill
deepseek_v4,4096x2048,4096,2048,8388608,512,1000,1048576,2048,8.418e+13,8.415e+13,5.131e+15,5.131e+09,1.002e+07,1.044e+02,7.318e+17,4.763e+15,153.6,3786.1,prefill
deepseek_v4,4096x4096,4096,4096,16777216,512,1000,1048576,2048,4.703e+13,4.701e+13,3.013e+15,3.013e+09,5.885e+06,1.778e+02,7.317e+17,2.555e+15,286.3,3159.5,prefill
deepseek_v4,32x32,32,32,1024,512,2000,1048576,2048,4.692e+16,4.688e+16,4.692e+16,2.346e+10,4.582e+07,2.284e+01,1.093e+18,4.692e+16,46.6,236.3,prefill
deepseek_v4,32x64,32,64,2048,512,2000,1048576,2048,2.348e+16,2.346e+16,2.348e+16,1.174e+10,2.293e+07,4.564e+01,1.093e+18,2.348e+16,93.1,477.6,prefill
deepseek_v4,32x128,32,128,4096,512,2000,1048576,2048,1.177e+16,1.176e+16,1.189e+16,5.944e+09,1.161e+07,9.014e+01,1.093e+18,1.177e+16,185.8,957.1,prefill
deepseek_v4,32x256,32,256,8192,512,2000,1048576,2048,5.924e+15,5.919e+15,8.386e+15,4.193e+09,8.189e+06,1.278e+02,1.093e+18,5.924e+15,369.0,1912.8,prefill
deepseek_v4,32x512,32,512,16384,512,2000,1048576,2048,3.002e+15,3.000e+15,7.366e+15,3.683e+09,7.194e+06,1.455e+02,1.093e+18,3.002e+15,728.2,3721.3,prefill
deepseek_v4,64x32,64,32,2048,512,2000,1048576,2048,2.348e+16,2.346e+16,2.348e+16,1.174e+10,2.293e+07,4.564e+01,9.109e+17,2.348e+16,77.6,239.6,prefill
deepseek_v4,64x64,64,64,4096,512,2000,1048576,2048,1.175e+16,1.174e+16,1.175e+16,5.875e+09,1.147e+07,9.121e+01,9.109e+17,1.175e+16,155.1,478.4,prefill
deepseek_v4,64x128,64,128,8192,512,2000,1048576,2048,5.888e+15,5.883e+15,8.056e+15,4.028e+09,7.867e+06,1.330e+02,9.109e+17,5.888e+15,309.4,958.9,prefill
deepseek_v4,64x256,64,256,16384,512,2000,1048576,2048,2.964e+15,2.962e+15,6.650e+15,3.325e+09,6.494e+06,1.612e+02,9.109e+17,2.964e+15,614.6,1916.5,prefill
deepseek_v4,64x512,64,512,32768,512,2000,1048576,2048,1.502e+15,1.501e+15,6.162e+15,3.081e+09,6.018e+06,1.739e+02,9.109e+17,1.502e+15,1212.9,3728.8,prefill
deepseek_v4,128x32,128,32,4096,512,2000,1048576,2048,1.176e+16,1.174e+16,1.598e+16,7.989e+09,1.560e+07,6.707e+01,8.199e+17,1.598e+16,102.6,242.4,prefill
deepseek_v4,128x64,128,64,8192,512,2000,1048576,2048,5.883e+15,5.877e+15,7.999e+15,3.999e+09,7.811e+06,1.340e+02,8.199e+17,7.995e+15,205.1,484.0,prefill
deepseek_v4,128x128,128,128,16384,512,2000,1048576,2048,2.948e+15,2.945e+15,6.494e+15,3.247e+09,6.342e+06,1.650e+02,8.199e+17,4.005e+15,409.4,963.4,prefill
deepseek_v4,128x256,128,256,32768,512,2000,1048576,2048,1.484e+15,1.483e+15,5.809e+15,2.904e+09,5.672e+06,1.845e+02,8.199e+17,2.013e+15,814.4,1925.4,prefill
deepseek_v4,128x512,128,512,65536,512,2000,1048576,2048,7.521e+14,7.514e+14,5.718e+15,2.859e+09,5.584e+06,1.874e+02,8.199e+17,1.017e+15,1611.6,3746.6,prefill
deepseek_v4,256x32,256,32,8192,512,2000,1048576,2048,8.020e+15,8.015e+15,2.217e+16,1.108e+10,2.165e+07,4.835e+01,7.743e+17,2.216e+16,69.9,246.8,prefill
deepseek_v4,256x64,256,64,16384,512,2000,1048576,2048,4.013e+15,4.010e+15,1.109e+16,5.547e+09,1.083e+07,9.660e+01,7.743e+17,1.109e+16,139.7,492.8,prefill
deepseek_v4,256x128,256,128,32768,512,2000,1048576,2048,2.010e+15,2.009e+15,5.920e+15,2.960e+09,5.781e+06,1.810e+02,7.743e+17,5.552e+15,278.9,980.9,prefill
deepseek_v4,256x256,256,256,65536,512,2000,1048576,2048,1.011e+15,1.010e+15,5.724e+15,2.862e+09,5.590e+06,1.872e+02,7.743e+17,2.788e+15,555.5,1945.5,prefill
deepseek_v4,256x512,256,512,131072,512,2000,1048576,2048,5.106e+14,5.103e+14,5.630e+15,2.815e+09,5.498e+06,1.904e+02,7.743e+17,1.405e+15,1102.1,3788.0,prefill
deepseek_v4,512x32,512,32,16384,512,2000,1048576,2048,6.151e+15,6.149e+15,3.802e+16,1.901e+10,3.713e+07,2.819e+01,7.519e+17,3.801e+16,39.6,259.6,prefill
deepseek_v4,512x64,512,64,32768,512,2000,1048576,2048,3.078e+15,3.076e+15,1.902e+16,9.512e+09,1.858e+07,5.633e+01,7.519e+17,1.902e+16,79.1,518.5,prefill
deepseek_v4,512x128,512,128,65536,512,2000,1048576,2048,1.541e+15,1.540e+15,1.016e+16,5.081e+09,9.925e+06,1.054e+02,7.519e+17,9.519e+15,158.0,1032.2,prefill
deepseek_v4,512x256,512,256,131072,512,2000,1048576,2048,7.736e+14,7.733e+14,5.736e+15,2.868e+09,5.602e+06,1.868e+02,7.519e+17,4.774e+15,315.0,2049.3,prefill
deepseek_v4,512x512,512,512,262144,512,2000,1048576,2048,3.899e+14,3.897e+14,5.622e+15,2.811e+09,5.490e+06,1.906e+02,7.519e+17,2.401e+15,626.4,3976.8,prefill
llama_3_1_405b,32x32,32,32,1024,32,1000,131072,2048,2.763e+15,2.737e+15,3.871e+15,3.871e+09,1.210e+08,1.066e+00,2.501e+17,3.871e+15,64.6,125.7,prefill
llama_3_1_405b,32x32,32,32,1024,64,1000,131072,2048,5.539e+15,5.473e+15,7.756e+15,7.756e+09,1.212e+08,1.065e+00,4.489e+17,7.756e+15,57.9,101.0,prefill
llama_3_1_405b,32x32,32,32,1024,128,1000,131072,2048,1.108e+16,1.095e+16,1.551e+16,1.551e+10,1.212e+08,1.065e+00,9.686e+17,1.551e+16,62.4,101.1,prefill
llama_3_1_405b,32x32,32,32,1024,256,1000,131072,2048,2.212e+16,2.189e+16,3.099e+16,3.099e+10,1.211e+08,1.066e+00,2.283e+18,3.099e+16,73.7,115.3,prefill
llama_3_1_405b,32x32,32,32,1024,512,1000,131072,2048,4.421e+16,4.378e+16,6.195e+16,6.195e+10,1.210e+08,1.066e+00,5.094e+18,6.195e+16,82.2,124.0,prefill
llama_3_1_405b,32x64,32,64,2048,512,1000,131072,2048,2.211e+16,2.189e+16,3.098e+16,3.098e+10,6.051e+07,2.132e+00,5.094e+18,3.098e+16,164.4,248.0,prefill
llama_3_1_405b,32x128,32,128,4096,512,1000,131072,2048,1.106e+16,1.095e+16,1.549e+16,1.549e+10,3.026e+07,4.263e+00,5.094e+18,1.549e+16,328.7,493.5,prefill
llama_3_1_405b,32x256,32,256,8192,512,1000,131072,2048,6.640e+15,6.586e+15,1.421e+16,1.421e+10,2.776e+07,4.648e+00,5.094e+18,9.969e+15,510.9,983.8,prefill
llama_3_1_405b,32x512,32,512,16384,512,1000,131072,2048,4.431e+15,4.404e+15,1.420e+16,1.420e+10,2.773e+07,4.653e+00,5.094e+18,7.207e+15,706.8,1931.2,prefill
llama_3_1_405b,32x1024,32,1024,32768,512,1000,131072,2048,3.327e+15,3.313e+15,1.419e+16,1.419e+10,2.771e+07,4.656e+00,5.094e+18,5.826e+15,874.3,3684.1,prefill
llama_3_1_405b,32x2048,32,2048,65536,512,1000,131072,2048,2.779e+15,2.771e+15,1.419e+16,1.419e+10,2.771e+07,4.656e+00,5.094e+18,5.139e+15,991.1,6678.9,prefill
llama_3_1_405b,32x4096,32,4096,131072,512,1000,131072,2048,2.505e+15,2.500e+15,1.419e+16,1.419e+10,2.771e+07,4.656e+00,5.094e+18,4.795e+15,1062.2,11175.4,prefill
llama_3_1_405b,64x32,64,32,2048,512,1000,131072,2048,2.211e+16,2.189e+16,4.872e+16,4.872e+10,9.516e+07,1.356e+00,3.735e+18,4.872e+16,76.7,124.1,prefill
llama_3_1_405b,64x64,64,64,4096,32,1000,131072,2048,6.925e+14,6.843e+14,1.931e+15,1.931e+09,6.035e+07,2.138e+00,2.482e+17,1.931e+15,128.5,202.1,prefill
llama_3_1_405b,64x64,64,64,4096,64,1000,131072,2048,1.385e+15,1.369e+15,3.049e+15,3.049e+09,4.764e+07,2.709e+00,4.187e+17,3.049e+15,137.3,202.3,prefill
llama_3_1_405b,64x64,64,64,4096,128,1000,131072,2048,2.766e+15,2.737e+15,6.093e+15,6.093e+09,4.760e+07,2.710e+00,8.205e+17,6.093e+15,134.7,230.8,prefill
llama_3_1_405b,64x64,64,64,4096,256,1000,131072,2048,5.528e+15,5.474e+15,1.218e+16,1.218e+10,4.759e+07,2.711e+00,1.761e+18,1.218e+16,144.6,248.2,prefill
llama_3_1_405b,64x64,64,64,4096,512,1000,131072,2048,1.106e+16,1.095e+16,2.437e+16,2.437e+10,4.759e+07,2.711e+00,3.735e+18,2.437e+16,153.3,248.2,prefill
llama_3_1_405b,64x128,64,128,8192,512,1000,131072,2048,5.529e+15,5.475e+15,1.219e+16,1.219e+10,2.380e+07,5.420e+00,3.735e+18,1.219e+16,306.4,494.0,prefill
llama_3_1_405b,64x256,64,256,16384,512,1000,131072,2048,3.320e+15,3.293e+15,1.154e+16,1.154e+10,2.255e+07,5.723e+00,3.735e+18,8.317e+15,449.0,984.8,prefill
llama_3_1_405b,64x512,64,512,32768,512,1000,131072,2048,2.216e+15,2.202e+15,1.153e+16,1.153e+10,2.253e+07,5.727e+00,3.735e+18,6.381e+15,585.2,1933.1,prefill
llama_3_1_405b,64x1024,64,1024,65536,512,1000,131072,2048,1.664e+15,1.657e+15,1.153e+16,1.153e+10,2.252e+07,5.729e+00,3.735e+18,5.414e+15,689.8,3687.7,prefill
llama_3_1_405b,64x2048,64,2048,131072,512,1000,131072,2048,1.390e+15,1.386e+15,1.153e+16,1.153e+10,2.252e+07,5.729e+00,3.735e+18,4.932e+15,757.3,6685.6,prefill
llama_3_1_405b,64x4096,64,4096,262144,512,1000,131072,2048,1.253e+15,1.251e+15,1.153e+16,1.153e+10,2.252e+07,5.729e+00,3.735e+18,4.690e+15,796.3,11186.5,prefill
llama_3_1_405b,128x32,128,32,4096,512,1000,131072,2048,1.106e+16,1.095e+16,4.212e+16,4.212e+10,8.227e+07,1.568e+00,3.055e+18,4.212e+16,72.5,123.9,prefill
llama_3_1_405b,128x64,128,64,8192,512,1000,131072,2048,5.529e+15,5.475e+15,2.107e+16,2.107e+10,4.114e+07,3.136e+00,3.055e+18,2.107e+16,145.0,247.8,prefill
llama_3_1_405b,128x128,128,128,16384,32,1000,131072,2048,1.732e+14,1.711e+14,9.642e+14,9.642e+08,3.013e+07,4.282e+00,2.473e+17,9.642e+14,256.5,404.2,prefill
llama_3_1_405b,128x128,128,128,16384,64,1000,131072,2048,3.459e+14,3.423e+14,1.521e+15,1.521e+09,2.376e+07,5.429e+00,4.036e+17,1.521e+15,265.4,460.8,prefill
llama_3_1_405b,128x128,128,128,16384,128,1000,131072,2048,6.913e+14,6.846e+14,2.634e+15,2.634e+09,2.058e+07,6.269e+00,7.465e+17,2.634e+15,283.4,495.5,prefill
llama_3_1_405b,128x128,128,128,16384,256,1000,131072,2048,1.383e+15,1.369e+15,5.269e+15,5.269e+09,2.058e+07,6.269e+00,1.501e+18,5.269e+15,284.9,495.6,prefill
llama_3_1_405b,128x128,128,128,16384,512,1000,131072,2048,2.765e+15,2.738e+15,1.054e+16,1.054e+10,2.058e+07,6.269e+00,3.055e+18,1.054e+16,290.0,495.7,prefill
llama_3_1_405b,128x256,128,256,32768,512,1000,131072,2048,1.661e+15,1.647e+15,1.021e+16,1.021e+10,1.994e+07,6.469e+00,3.055e+18,7.494e+15,407.7,988.2,prefill
llama_3_1_405b,128x512,128,512,65536,512,1000,131072,2048,1.109e+15,1.102e+15,1.021e+16,1.021e+10,1.994e+07,6.472e+00,3.055e+18,5.972e+15,511.6,1939.9,prefill
llama_3_1_405b,128x1024,128,1024,131072,512,1000,131072,2048,8.326e+14,8.290e+14,1.021e+16,1.021e+10,1.994e+07,6.472e+00,3.055e+18,5.211e+15,586.3,3700.6,prefill
llama_3_1_405b,128x2048,128,2048,262144,512,1000,131072,2048,6.956e+14,6.937e+14,1.021e+16,1.021e+10,1.994e+07,6.472e+00,3.055e+18,4.831e+15,632.4,6709.0,prefill
llama_3_1_405b,128x4096,128,4096,524288,512,1000,131072,2048,6.271e+14,6.259e+14,1.021e+16,1.021e+10,1.994e+07,6.472e+00,3.055e+18,4.641e+15,658.3,11225.7,prefill
llama_3_1_405b,256x32,256,32,8192,512,1000,131072,2048,6.640e+15,6.586e+15,5.659e+16,5.659e+10,1.105e+08,1.167e+00,2.718e+18,5.659e+16,48.0,125.8,prefill
llama_3_1_405b,256x64,256,64,16384,512,1000,131072,2048,3.320e+15,3.293e+15,2.830e+16,2.830e+10,5.528e+07,2.334e+00,2.718e+18,2.830e+16,96.0,251.6,prefill
llama_3_1_405b,256x128,256,128,32768,512,1000,131072,2048,1.661e+15,1.647e+15,1.416e+16,1.416e+10,2.766e+07,4.665e+00,2.718e+18,1.416e+16,191.9,503.1,prefill
llama_3_1_405b,256x256,256,256,65536,32,1000,131072,2048,6.067e+13,6.020e+13,9.641e+14,9.641e+08,3.013e+07,4.283e+00,2.468e+17,7.602e+14,324.7,917.0,prefill
llama_3_1_405b,256x256,256,256,65536,64,1000,131072,2048,1.213e+14,1.204e+14,1.521e+15,1.521e+09,2.377e+07,5.428e+00,3.961e+17,1.317e+15,300.8,984.0,prefill
llama_3_1_405b,256x256,256,256,65536,128,1000,131072,2048,2.425e+14,2.408e+14,2.635e+15,2.635e+09,2.059e+07,6.267e+00,7.096e+17,2.430e+15,292.0,984.5,prefill
llama_3_1_405b,256x256,256,256,65536,256,1000,131072,2048,4.851e+14,4.816e+14,4.864e+15,4.864e+09,1.900e+07,6.791e+00,1.371e+18,4.657e+15,294.5,984.7,prefill
llama_3_1_405b,256x256,256,256,65536,512,1000,131072,2048,9.701e+14,9.633e+14,9.570e+15,9.570e+09,1.869e+07,6.903e+00,2.718e+18,9.314e+15,291.8,993.8,prefill
llama_3_1_405b,256x512,256,512,131072,512,1000,131072,2048,6.247e+14,6.213e+14,9.552e+15,9.552e+09,1.866e+07,6.916e+00,2.718e+18,6.891e+15,394.4,1954.2,prefill
llama_3_1_405b,256x1024,256,1024,262144,512,1000,131072,2048,4.521e+14,4.502e+14,9.552e+15,9.552e+09,1.866e+07,6.916e+00,2.718e+18,5.679e+15,478.6,3732.5,prefill
llama_3_1_405b,256x2048,256,2048,524288,512,1000,131072,2048,3.662e+14,3.652e+14,9.552e+15,9.552e+09,1.866e+07,6.916e+00,2.718e+18,5.074e+15,535.7,6772.7,prefill
llama_3_1_405b,256x4096,256,4096,1048576,512,1000,131072,2048,3.233e+14,3.226e+14,9.552e+15,9.552e+09,1.866e+07,6.916e+00,2.718e+18,4.769e+15,569.9,11281.9,prefill
llama_3_1_405b,512x32,512,32,16384,512,1000,131072,2048,4.431e+15,4.404e+15,9.048e+16,9.048e+10,1.767e+08,7.301e-01,2.552e+18,9.048e+16,28.2,132.5,prefill
llama_3_1_405b,512x64,512,64,32768,512,1000,131072,2048,2.216e+15,2.202e+15,4.526e+16,4.526e+10,8.839e+07,1.460e+00,2.552e+18,4.526e+16,56.4,264.9,prefill
llama_3_1_405b,512x128,512,128,65536,512,1000,131072,2048,1.109e+15,1.102e+15,2.265e+16,2.265e+10,4.423e+07,2.917e+00,2.552e+18,2.265e+16,112.7,529.8,prefill
llama_3_1_405b,512x256,512,256,131072,512,1000,131072,2048,6.247e+14,6.212e+14,1.378e+16,1.378e+10,2.692e+07,4.793e+00,2.552e+18,1.358e+16,188.0,1048.4,prefill
llama_3_1_405b,512x512,512,512,262144,32,1000,131072,2048,2.392e+13,2.381e+13,9.659e+14,9.659e+08,3.018e+07,4.275e+00,2.466e+17,6.603e+14,373.5,2036.0,prefill
llama_3_1_405b,512x512,512,512,262144,64,1000,131072,2048,4.785e+13,4.762e+13,1.525e+15,1.525e+09,2.382e+07,5.416e+00,3.924e+17,1.219e+15,321.9,2037.8,prefill
llama_3_1_405b,512x512,512,512,262144,128,1000,131072,2048,9.569e+13,9.525e+13,2.643e+15,2.643e+09,2.065e+07,6.250e+00,6.914e+17,2.336e+15,295.9,2038.7,prefill
llama_3_1_405b,512x512,512,512,262144,256,1000,131072,2048,1.914e+14,1.905e+14,4.878e+15,4.878e+09,1.906e+07,6.771e+00,1.308e+18,4.571e+15,286.1,2056.4,prefill
llama_3_1_405b,512x512,512,512,262144,512,1000,131072,2048,3.828e+14,3.810e+14,9.349e+15,9.349e+09,1.826e+07,7.066e+00,2.552e+18,9.039e+15,282.4,2065.3,prefill
llama_3_1_405b,512x1024,512,1024,524288,512,1000,131072,2048,2.618e+14,2.608e+14,9.314e+15,9.314e+09,1.819e+07,7.093e+00,2.552e+18,6.771e+15,377.0,3975.8,prefill
llama_3_1_405b,512x2048,512,2048,1048576,512,1000,131072,2048,2.015e+14,2.010e+14,9.314e+15,9.314e+09,1.819e+07,7.093e+00,2.553e+18,5.636e+15,453.0,7330.5,prefill
llama_3_1_405b,512x4096,512,4096,2097152,512,1000,131072,2048,1.713e+14,1.710e+14,9.314e+15,9.314e+09,1.819e+07,7.093e+00,2.553e+18,5.066e+15,504.0,12227.5,prefill
llama_3_1_405b,1024x32,1024,32,32768,512,1000,131072,2048,3.327e+15,3.313e+15,1.616e+17,1.616e+11,3.155e+08,4.089e-01,2.475e+18,1.616e+17,15.3,159.8,prefill
llama_3_1_405b,1024x64,1024,64,65536,512,1000,131072,2048,1.664e+15,1.657e+15,8.081e+16,8.081e+10,1.578e+08,8.174e-01,2.475e+18,8.081e+16,30.6,319.6,prefill
llama_3_1_405b,1024x128,1024,128,131072,512,1000,131072,2048,8.326e+14,8.290e+14,4.044e+16,4.044e+10,7.899e+07,1.633e+00,2.475e+18,4.044e+16,61.2,639.1,prefill
llama_3_1_405b,1024x256,1024,256,262144,512,1000,131072,2048,4.521e+14,4.502e+14,2.271e+16,2.271e+10,4.436e+07,2.908e+00,2.475e+18,2.251e+16,110.0,1266.2,prefill
llama_3_1_405b,1024x512,1024,512,524288,512,1000,131072,2048,2.618e+14,2.608e+14,1.385e+16,1.385e+10,2.705e+07,4.770e+00,2.475e+18,1.354e+16,182.8,2514.2,prefill
llama_3_1_405b,1024x1024,1024,1024,1048576,512,1000,131072,2048,1.666e+14,1.661e+14,9.415e+15,9.415e+09,1.839e+07,7.016e+00,2.478e+18,9.056e+15,273.6,5014.2,prefill
llama_3_1_405b,1024x2048,1024,2048,2097152,512,1000,131072,2048,1.191e+14,1.189e+14,9.345e+15,9.345e+09,1.825e+07,7.069e+00,2.478e+18,6.812e+15,363.8,9271.8,prefill
llama_3_1_405b,1024x4096,1024,4096,4194304,512,1000,131072,2048,9.534e+13,9.518e+13,9.345e+15,9.345e+09,1.825e+07,7.069e+00,2.446e+18,5.685e+15,430.3,12611.1,prefill
llama_3_1_405b,2048x32,2048,32,65536,512,1000,131072,2048,2.775e+15,2.767e+15,3.037e+17,3.037e+11,5.932e+08,2.175e-01,2.448e+18,3.037e+17,8.1,179.8,prefill
llama_3_1_405b,2048x64,2048,64,131072,512,1000,131072,2048,1.388e+15,1.384e+15,1.519e+17,1.519e+11,2.967e+08,4.348e-01,2.448e+18,1.519e+17,16.1,359.7,prefill
llama_3_1_405b,2048x128,2048,128,262144,512,1000,131072,2048,6.946e+14,6.926e+14,7.604e+16,7.604e+10,1.485e+08,8.688e-01,2.448e+18,7.604e+16,32.2,719.3,prefill
llama_3_1_405b,2048x256,2048,256,524288,512,1000,131072,2048,3.657e+14,3.647e+14,4.058e+16,4.058e+10,7.926e+07,1.628e+00,2.448e+18,4.037e+16,60.6,1425.4,prefill
llama_3_1_405b,2048x512,2048,512,1048576,512,1000,131072,2048,2.012e+14,2.007e+14,2.285e+16,2.285e+10,4.463e+07,2.891e+00,2.456e+18,2.254e+16,108.9,3046.6,prefill
llama_3_1_405b,2048x1024,2048,1024,2097152,512,1000,131072,2048,1.190e+14,1.188e+14,1.398e+16,1.398e+10,2.731e+07,4.724e+00,2.456e+18,1.362e+16,180.2,5917.6,prefill
llama_3_1_405b,2048x2048,2048,2048,4194304,512,1000,131072,2048,7.793e+13,7.780e+13,9.544e+15,9.544e+09,1.864e+07,6.921e+00,2.421e+18,9.162e+15,264.2,11278.5,prefill
llama_3_1_405b,2048x4096,2048,4096,8388608,512,1000,131072,2048,5.733e+13,5.724e+13,9.409e+15,9.409e+09,1.838e+07,7.021e+00,2.397e+18,6.920e+15,346.5,13116.0,prefill
llama_3_1_405b,4096x32,4096,32,131072,512,1000,131072,2048,2.498e+15,2.494e+15,5.880e+17,5.880e+11,1.148e+09,1.124e-01,2.460e+18,5.880e+17,4.2,136.6,prefill
llama_3_1_405b,4096x64,4096,64,262144,512,1000,131072,2048,1.250e+15,1.247e+15,2.941e+17,2.941e+11,5.745e+08,2.246e-01,2.460e+18,2.941e+17,8.4,273.1,prefill
llama_3_1_405b,4096x128,4096,128,524288,512,1000,131072,2048,6.255e+14,6.243e+14,1.472e+17,1.472e+11,2.875e+08,4.488e-01,2.460e+18,1.472e+17,16.7,546.3,prefill
llama_3_1_405b,4096x256,4096,256,1048576,512,1000,131072,2048,3.224e+14,3.218e+14,7.629e+16,7.629e+10,1.490e+08,8.659e-01,2.475e+18,7.609e+16,32.5,1192.6,prefill
llama_3_1_405b,4096x512,4096,512,2097152,512,1000,131072,2048,1.709e+14,1.706e+14,4.083e+16,4.083e+10,7.976e+07,1.618e+00,2.475e+18,4.052e+16,61.1,2356.9,prefill
llama_3_1_405b,4096x1024,4096,1024,4194304,512,1000,131072,2048,9.514e+13,9.498e+13,2.310e+16,2.310e+10,4.511e+07,2.860e+00,2.418e+18,2.274e+16,106.3,4801.2,prefill
llama_3_1_405b,4096x2048,4096,2048,8388608,512,1000,131072,2048,5.726e+13,5.717e+13,1.422e+16,1.422e+10,2.778e+07,4.645e+00,2.391e+18,1.384e+16,172.8,9451.6,prefill
llama_3_1_405b,4096x4096,4096,4096,16777216,512,1000,131072,2048,3.825e+13,3.818e+13,9.763e+15,9.763e+09,1.907e+07,6.766e+00,2.383e+18,9.369e+15,254.4,11002.7,prefill
llama_3_1_405b,32x32,32,32,1024,512,2000,131072,2048,4.421e+16,4.378e+16,6.195e+16,3.098e+10,6.050e+07,2.133e+00,5.094e+18,6.195e+16,164.4,248.0,prefill
llama_3_1_405b,32x64,32,64,2048,512,2000,131072,2048,2.211e+16,2.189e+16,3.098e+16,1.549e+10,3.025e+07,4.265e+00,5.094e+18,3.098e+16,328.8,496.0,prefill
llama_3_1_405b,32x128,32,128,4096,512,2000,131072,2048,1.106e+16,1.095e+16,2.842e+16,1.421e+10,2.776e+07,4.649e+00,5.094e+18,1.549e+16,657.4,986.9,prefill
llama_3_1_405b,32x256,32,256,8192,512,2000,131072,2048,6.640e+15,6.586e+15,2.839e+16,1.419e+10,2.772e+07,4.654e+00,5.094e+18,9.969e+15,1021.8,1967.6,prefill
llama_3_1_405b,32x512,32,512,16384,512,2000,131072,2048,4.431e+15,4.404e+15,2.837e+16,1.418e+10,2.770e+07,4.657e+00,5.094e+18,7.207e+15,1413.5,3862.4,prefill
llama_3_1_405b,64x32,64,32,2048,512,2000,131072,2048,2.211e+16,2.189e+16,4.872e+16,2.436e+10,4.758e+07,2.712e+00,3.735e+18,4.872e+16,153.3,248.2,prefill
llama_3_1_405b,64x64,64,64,4096,512,2000,131072,2048,1.106e+16,1.095e+16,2.437e+16,1.218e+10,2.379e+07,5.422e+00,3.735e+18,2.437e+16,306.5,496.4,prefill
llama_3_1_405b,64x128,64,128,8192,512,2000,131072,2048,5.529e+15,5.475e+15,2.308e+16,1.154e+10,2.254e+07,5.725e+00,3.735e+18,1.219e+16,612.9,987.9,prefill
llama_3_1_405b,64x256,64,256,16384,512,2000,131072,2048,3.320e+15,3.293e+15,2.306e+16,1.153e+10,2.252e+07,5.730e+00,3.735e+18,8.317e+15,898.1,1969.5,prefill
llama_3_1_405b,64x512,64,512,32768,512,2000,131072,2048,2.216e+15,2.202e+15,2.305e+16,1.153e+10,2.251e+07,5.732e+00,3.735e+18,6.381e+15,1170.5,3866.3,prefill
llama_3_1_405b,128x32,128,32,4096,512,2000,131072,2048,1.106e+16,1.095e+16,4.212e+16,2.106e+10,4.113e+07,3.137e+00,3.055e+18,4.212e+16,145.1,247.8,prefill
llama_3_1_405b,128x64,128,64,8192,512,2000,131072,2048,5.529e+15,5.475e+15,2.107e+16,1.053e+10,2.057e+07,6.272e+00,3.055e+18,2.107e+16,290.1,495.7,prefill
llama_3_1_405b,128x128,128,128,16384,512,2000,131072,2048,2.765e+15,2.738e+15,2.040e+16,1.020e+10,1.993e+07,6.475e+00,3.055e+18,1.054e+16,579.9,991.4,prefill
llama_3_1_405b,128x256,128,256,32768,512,2000,131072,2048,1.661e+15,1.647e+15,2.040e+16,1.020e+10,1.992e+07,6.478e+00,3.055e+18,7.494e+15,815.4,1976.4,prefill
llama_3_1_405b,128x512,128,512,65536,512,2000,131072,2048,1.109e+15,1.102e+15,2.040e+16,1.020e+10,1.992e+07,6.478e+00,3.055e+18,5.972e+15,1023.2,3879.8,prefill
llama_3_1_405b,256x32,256,32,8192,512,2000,131072,2048,6.640e+15,6.586e+15,5.659e+16,2.829e+10,5.526e+07,2.335e+00,2.718e+18,5.659e+16,96.1,251.6,prefill
llama_3_1_405b,256x64,256,64,16384,512,2000,131072,2048,3.320e+15,3.293e+15,2.830e+16,1.415e+10,2.764e+07,4.668e+00,2.718e+18,2.830e+16,192.1,503.1,prefill
llama_3_1_405b,256x128,256,128,32768,512,2000,131072,2048,1.661e+15,1.647e+15,1.909e+16,9.543e+09,1.864e+07,6.922e+00,2.718e+18,1.416e+16,383.9,1006.2,prefill
llama_3_1_405b,256x256,256,256,65536,512,2000,131072,2048,9.701e+14,9.633e+14,1.907e+16,9.534e+09,1.862e+07,6.929e+00,2.718e+18,9.314e+15,583.6,1987.5,prefill
llama_3_1_405b,256x512,256,512,131072,512,2000,131072,2048,6.247e+14,6.213e+14,1.907e+16,9.534e+09,1.862e+07,6.929e+00,2.718e+18,6.891e+15,788.8,3908.5,prefill
llama_3_1_405b,512x32,512,32,16384,512,2000,131072,2048,4.431e+15,4.404e+15,9.048e+16,4.524e+10,8.836e+07,1.460e+00,2.552e+18,9.048e+16,56.4,264.9,prefill
llama_3_1_405b,512x64,512,64,32768,512,2000,131072,2048,2.216e+15,2.202e+15,4.526e+16,2.263e+10,4.420e+07,2.919e+00,2.552e+18,4.526e+16,112.8,529.8,prefill
llama_3_1_405b,512x128,512,128,65536,512,2000,131072,2048,1.109e+15,1.102e+15,2.746e+16,1.373e+10,2.681e+07,4.812e+00,2.552e+18,2.265e+16,225.4,1059.7,prefill
llama_3_1_405b,512x256,512,256,131072,512,2000,131072,2048,6.247e+14,6.212e+14,1.859e+16,9.296e+09,1.816e+07,7.106e+00,2.552e+18,1.358e+16,376.0,2096.8,prefill
llama_3_1_405b,512x512,512,512,262144,512,2000,131072,2048,3.828e+14,3.810e+14,1.856e+16,9.278e+09,1.812e+07,7.120e+00,2.552e+18,9.039e+15,564.7,4130.7,prefill
llama_3_1_70b,32x32,32,32,1024,32,1000,131072,2048,6.368e+14,6.322e+14,1.693e+15,1.693e+09,5.289e+07,2.439e+00,1.089e+17,1.693e+15,64.3,122.9,prefill
llama_3_1_70b,32x32,32,32,1024,64,1000,131072,2048,1.276e+15,1.264e+15,3.387e+15,3.387e+09,5.293e+07,2.438e+00,2.001e+17,3.387e+15,59.1,99.2,prefill
llama_3_1_70b,32x32,32,32,1024,128,1000,131072,2048,2.552e+15,2.529e+15,6.775e+15,6.775e+09,5.293e+07,2.438e+00,4.048e+17,6.775e+15,59.7,99.3,prefill
llama_3_1_70b,32x32,32,32,1024,256,1000,131072,2048,5.098e+15,5.057e+15,1.354e+16,1.354e+10,5.291e+07,2.439e+00,8.472e+17,1.354e+16,62.5,113.0,prefill
llama_3_1_70b,32x32,32,32,1024,512,1000,131072,2048,1.019e+16,1.011e+16,2.708e+16,2.708e+10,5.290e+07,2.439e+00,1.823e+18,2.708e+16,67.3,121.4,prefill
llama_3_1_70b,32x64,32,64,2048,512,1000,131072,2048,5.096e+15,5.058e+15,1.354e+16,1.354e+10,2.645e+07,4.877e+00,1.823e+18,1.354e+16,134.6,242.9,prefill
llama_3_1_70b,32x128,32,128,4096,512,1000,131072,2048,2.549e+15,2.530e+15,6.775e+15,6.775e+09,1.323e+07,9.751e+00,1.823e+18,6.775e+15,269.1,485.7,prefill
llama_3_1_70b,32x256,32,256,8192,512,1000,131072,2048,1.627e+15,1.618e+15,6.411e+15,6.411e+09,1.252e+07,1.030e+01,1.823e+18,4.798e+15,380.0,958.4,prefill
llama_3_1_70b,32x512,32,512,16384,512,1000,131072,2048,1.166e+15,1.161e+15,6.347e+15,6.347e+09,1.240e+07,1.041e+01,1.823e+18,3.810e+15,478.6,1858.1,prefill
llama_3_1_70b,32x1024,32,1024,32768,512,1000,131072,2048,9.360e+14,9.333e+14,6.344e+15,6.344e+09,1.239e+07,1.041e+01,1.823e+18,3.316e+15,549.9,3481.6,prefill
llama_3_1_70b,32x2048,32,2048,65536,512,1000,131072,2048,8.221e+14,8.206e+14,6.344e+15,6.344e+09,1.239e+07,1.041e+01,1.823e+18,3.070e+15,593.9,6073.7,prefill
llama_3_1_70b,32x4096,32,4096,131072,512,1000,131072,2048,7.651e+14,7.641e+14,6.344e+15,6.344e+09,1.239e+07,1.041e+01,1.823e+18,2.946e+15,618.8,9550.0,prefill
llama_3_1_70b,64x32,64,32,2048,512,1000,131072,2048,5.096e+15,5.058e+15,2.481e+16,2.481e+10,4.846e+07,2.663e+00,1.641e+18,2.481e+16,66.2,121.5,prefill
llama_3_1_70b,64x64,64,64,4096,32,1000,131072,2048,1.595e+14,1.581e+14,8.458e+14,8.458e+08,2.643e+07,4.882e+00,1.085e+17,8.458e+14,128.3,198.2,prefill
llama_3_1_70b,64x64,64,64,4096,64,1000,131072,2048,3.190e+14,3.162e+14,1.551e+15,1.551e+09,2.424e+07,5.322e+00,1.992e+17,1.551e+15,128.4,198.6,prefill
llama_3_1_70b,64x64,64,64,4096,128,1000,131072,2048,6.374e+14,6.323e+14,3.102e+15,3.102e+09,2.424e+07,5.324e+00,3.917e+17,3.102e+15,126.2,226.2,prefill
llama_3_1_70b,64x64,64,64,4096,256,1000,131072,2048,1.274e+15,1.265e+15,6.204e+15,6.204e+09,2.423e+07,5.324e+00,7.930e+17,6.204e+15,127.8,243.0,prefill
llama_3_1_70b,64x64,64,64,4096,512,1000,131072,2048,2.548e+15,2.529e+15,1.241e+16,1.241e+10,2.423e+07,5.324e+00,1.641e+18,1.241e+16,132.3,243.1,prefill
llama_3_1_70b,64x128,64,128,8192,512,1000,131072,2048,1.274e+15,1.265e+15,6.207e+15,6.207e+09,1.212e+07,1.064e+01,1.641e+18,6.207e+15,264.4,486.1,prefill
llama_3_1_70b,64x256,64,256,16384,512,1000,131072,2048,8.137e+14,8.089e+14,6.022e+15,6.022e+09,1.176e+07,1.097e+01,1.641e+18,4.515e+15,363.6,959.2,prefill
llama_3_1_70b,64x512,64,512,32768,512,1000,131072,2048,5.833e+14,5.809e+14,5.990e+15,5.990e+09,1.170e+07,1.103e+01,1.641e+18,3.669e+15,447.4,1859.6,prefill
llama_3_1_70b,64x1024,64,1024,65536,512,1000,131072,2048,4.682e+14,4.668e+14,5.989e+15,5.989e+09,1.170e+07,1.103e+01,1.641e+18,3.246e+15,505.7,3484.3,prefill
llama_3_1_70b,64x2048,64,2048,131072,512,1000,131072,2048,4.112e+14,4.105e+14,5.989e+15,5.989e+09,1.170e+07,1.103e+01,1.641e+18,3.035e+15,540.9,6078.5,prefill
llama_3_1_70b,64x4096,64,4096,262144,512,1000,131072,2048,3.827e+14,3.823e+14,5.989e+15,5.989e+09,1.170e+07,1.103e+01,1.641e+18,2.929e+15,560.4,9557.6,prefill
llama_3_1_70b,128x32,128,32,4096,512,1000,131072,2048,2.549e+15,2.530e+15,2.368e+16,2.368e+10,4.625e+07,2.790e+00,1.550e+18,2.368e+16,65.5,122.0,prefill
llama_3_1_70b,128x64,128,64,8192,512,1000,131072,2048,1.274e+15,1.265e+15,1.184e+16,1.184e+10,2.313e+07,5.578e+00,1.550e+18,1.184e+16,130.9,244.0,prefill
llama_3_1_70b,128x128,128,128,16384,32,1000,131072,2048,3.990e+13,3.954e+13,4.229e+14,4.229e+08,1.322e+07,9.763e+00,1.083e+17,4.229e+14,256.1,398.3,prefill
llama_3_1_70b,128x128,128,128,16384,64,1000,131072,2048,7.972e+13,7.909e+13,7.756e+14,7.756e+08,1.212e+07,1.065e+01,1.987e+17,7.756e+14,256.2,453.8,prefill
llama_3_1_70b,128x128,128,128,16384,128,1000,131072,2048,1.593e+14,1.582e+14,1.481e+15,1.481e+09,1.157e+07,1.115e+01,3.851e+17,1.481e+15,260.0,487.7,prefill
llama_3_1_70b,128x128,128,128,16384,256,1000,131072,2048,3.187e+14,3.164e+14,2.962e+15,2.962e+09,1.157e+07,1.115e+01,7.660e+17,2.962e+15,258.6,487.9,prefill
llama_3_1_70b,128x128,128,128,16384,512,1000,131072,2048,6.374e+14,6.327e+14,5.925e+15,5.925e+09,1.157e+07,1.115e+01,1.550e+18,5.925e+15,261.7,488.0,prefill
llama_3_1_70b,128x256,128,256,32768,512,1000,131072,2048,4.070e+14,4.047e+14,5.830e+15,5.830e+09,1.139e+07,1.133e+01,1.550e+18,4.375e+15,354.4,963.0,prefill
llama_3_1_70b,128x512,128,512,65536,512,1000,131072,2048,2.918e+14,2.906e+14,5.814e+15,5.814e+09,1.136e+07,1.136e+01,1.550e+18,3.600e+15,430.6,1866.9,prefill
llama_3_1_70b,128x1024,128,1024,131072,512,1000,131072,2048,2.343e+14,2.336e+14,5.814e+15,5.814e+09,1.136e+07,1.136e+01,1.550e+18,3.213e+15,482.6,3498.2,prefill
llama_3_1_70b,128x2048,128,2048,262144,512,1000,131072,2048,2.058e+14,2.054e+14,5.814e+15,5.814e+09,1.136e+07,1.136e+01,1.550e+18,3.019e+15,513.5,6102.6,prefill
llama_3_1_70b,128x4096,128,4096,524288,512,1000,131072,2048,1.915e+14,1.913e+14,5.814e+15,5.814e+09,1.136e+07,1.136e+01,1.550e+18,2.922e+15,530.6,9595.5,prefill
llama_3_1_70b,256x32,256,32,8192,512,1000,131072,2048,1.627e+15,1.618e+15,3.440e+16,3.440e+10,6.718e+07,1.921e+00,1.505e+18,3.440e+16,43.8,122.0,prefill
llama_3_1_70b,256x64,256,64,16384,512,1000,131072,2048,8.137e+14,8.089e+14,1.720e+16,1.720e+10,3.360e+07,3.840e+00,1.505e+18,1.720e+16,87.5,244.0,prefill
llama_3_1_70b,256x128,256,128,32768,512,1000,131072,2048,4.070e+14,4.047e+14,8.608e+15,8.608e+09,1.681e+07,7.675e+00,1.505e+18,8.608e+15,174.9,488.1,prefill
llama_3_1_70b,256x256,256,256,65536,32,1000,131072,2048,1.550e+13,1.542e+13,4.234e+14,4.234e+08,1.323e+07,9.752e+00,1.082e+17,3.883e+14,278.6,874.5,prefill
llama_3_1_70b,256x256,256,256,65536,64,1000,131072,2048,3.099e+13,3.083e+13,7.767e+14,7.767e+08,1.214e+07,1.063e+01,1.985e+17,7.416e+14,267.7,936.6,prefill
llama_3_1_70b,256x256,256,256,65536,128,1000,131072,2048,6.197e+13,6.166e+13,1.483e+15,1.483e+09,1.159e+07,1.113e+01,3.818e+17,1.448e+15,263.7,937.4,prefill
llama_3_1_70b,256x256,256,256,65536,256,1000,131072,2048,1.239e+14,1.233e+14,2.897e+15,2.897e+09,1.132e+07,1.140e+01,7.524e+17,2.861e+15,263.0,937.8,prefill
llama_3_1_70b,256x256,256,256,65536,512,1000,131072,2048,2.479e+14,2.467e+14,5.749e+15,5.749e+09,1.123e+07,1.149e+01,1.505e+18,5.722e+15,263.0,946.2,prefill
llama_3_1_70b,256x512,256,512,131072,512,1000,131072,2048,1.683e+14,1.677e+14,5.738e+15,5.738e+09,1.121e+07,1.151e+01,1.505e+18,4.280e+15,351.7,1820.7,prefill
llama_3_1_70b,256x1024,256,1024,262144,512,1000,131072,2048,1.285e+14,1.281e+14,5.738e+15,5.738e+09,1.121e+07,1.151e+01,1.505e+18,3.558e+15,423.0,3374.7,prefill
llama_3_1_70b,256x2048,256,2048,524288,512,1000,131072,2048,1.088e+14,1.086e+14,5.738e+15,5.738e+09,1.121e+07,1.151e+01,1.505e+18,3.197e+15,470.7,5771.7,prefill
llama_3_1_70b,256x4096,256,4096,1048576,512,1000,131072,2048,9.887e+13,9.873e+13,5.738e+15,5.738e+09,1.121e+07,1.151e+01,1.505e+18,3.016e+15,499.1,8761.2,prefill
llama_3_1_70b,512x32,512,32,16384,512,1000,131072,2048,1.166e+15,1.161e+15,5.668e+16,5.668e+10,1.107e+08,1.165e+00,1.483e+18,5.668e+16,26.2,126.6,prefill
llama_3_1_70b,512x64,512,64,32768,512,1000,131072,2048,5.833e+14,5.809e+14,2.835e+16,2.835e+10,5.537e+07,2.330e+00,1.483e+18,2.835e+16,52.3,253.2,prefill
llama_3_1_70b,512x128,512,128,65536,512,1000,131072,2048,2.918e+14,2.906e+14,1.419e+16,1.419e+10,2.771e+07,4.656e+00,1.483e+18,1.419e+16,104.5,506.3,prefill
llama_3_1_70b,512x256,512,256,131072,512,1000,131072,2048,1.683e+14,1.677e+14,8.559e+15,8.559e+09,1.672e+07,7.718e+00,1.483e+18,8.524e+15,174.0,974.2,prefill
llama_3_1_70b,512x512,512,512,262144,32,1000,131072,2048,6.656e+12,6.635e+12,4.247e+14,4.247e+08,1.327e+07,9.721e+00,1.082e+17,3.721e+14,290.6,1842.6,prefill
llama_3_1_70b,512x512,512,512,262144,64,1000,131072,2048,1.331e+13,1.327e+13,7.794e+14,7.794e+08,1.218e+07,1.059e+01,1.984e+17,7.268e+14,273.0,1845.6,prefill
llama_3_1_70b,512x512,512,512,262144,128,1000,131072,2048,2.663e+13,2.654e+13,1.489e+15,1.489e+09,1.163e+07,1.109e+01,3.802e+17,1.436e+15,264.8,1847.1,prefill
llama_3_1_70b,512x512,512,512,262144,256,1000,131072,2048,5.325e+13,5.308e+13,2.907e+15,2.907e+09,1.136e+07,1.136e+01,7.458e+17,2.854e+15,261.3,1862.1,prefill
llama_3_1_70b,512x512,512,512,262144,512,1000,131072,2048,1.065e+14,1.062e+14,5.745e+15,5.745e+09,1.122e+07,1.150e+01,1.483e+18,5.691e+15,260.5,1869.6,prefill
llama_3_1_70b,512x1024,512,1024,524288,512,1000,131072,2048,7.559e+13,7.542e+13,5.722e+15,5.722e+09,1.118e+07,1.154e+01,1.483e+18,4.275e+15,346.9,3492.0,prefill
llama_3_1_70b,512x2048,512,2048,1048576,512,1000,131072,2048,6.022e+13,6.012e+13,5.722e+15,5.722e+09,1.118e+07,1.154e+01,1.483e+18,3.566e+15,415.8,6040.9,prefill
llama_3_1_70b,512x4096,512,4096,2097152,512,1000,131072,2048,5.251e+13,5.244e+13,5.722e+15,5.722e+09,1.118e+07,1.154e+01,1.483e+18,3.210e+15,461.9,9025.1,prefill
llama_3_1_70b,1024x32,1024,32,32768,512,1000,131072,2048,9.359e+14,9.333e+14,1.018e+17,1.018e+11,1.989e+08,6.488e-01,1.473e+18,1.018e+17,14.5,151.3,prefill
llama_3_1_70b,1024x64,1024,64,65536,512,1000,131072,2048,4.681e+14,4.668e+14,5.093e+16,5.093e+10,9.947e+07,1.297e+00,1.473e+18,5.093e+16,28.9,302.6,prefill
llama_3_1_70b,1024x128,1024,128,131072,512,1000,131072,2048,2.343e+14,2.336e+14,2.549e+16,2.549e+10,4.978e+07,2.592e+00,1.473e+18,2.549e+16,57.8,605.3,prefill
llama_3_1_70b,1024x256,1024,256,262144,512,1000,131072,2048,1.285e+14,1.281e+14,1.423e+16,1.423e+10,2.780e+07,4.642e+00,1.473e+18,1.420e+16,103.7,1152.1,prefill
llama_3_1_70b,1024x512,1024,512,524288,512,1000,131072,2048,7.559e+13,7.542e+13,8.603e+15,8.603e+09,1.680e+07,7.679e+00,1.473e+18,8.550e+15,172.2,2228.0,prefill
llama_3_1_70b,1024x1024,1024,1024,1048576,512,1000,131072,2048,4.914e+13,4.905e+13,5.788e+15,5.788e+09,1.130e+07,1.141e+01,1.473e+18,5.726e+15,257.2,4316.2,prefill
llama_3_1_70b,1024x2048,1024,2048,2097152,512,1000,131072,2048,3.595e+13,3.589e+13,5.743e+15,5.743e+09,1.122e+07,1.150e+01,1.473e+18,4.313e+15,341.4,7628.4,prefill
llama_3_1_70b,1024x4096,1024,4096,4194304,512,1000,131072,2048,2.933e+13,2.929e+13,5.743e+15,5.743e+09,1.122e+07,1.150e+01,1.467e+18,3.604e+15,407.1,8972.0,prefill
llama_3_1_70b,2048x32,2048,32,65536,512,1000,131072,2048,8.207e+14,8.192e+14,1.921e+17,1.921e+11,3.751e+08,3.439e-01,1.469e+18,1.921e+17,7.6,168.2,prefill
llama_3_1_70b,2048x64,2048,64,131072,512,1000,131072,2048,4.105e+14,4.098e+14,9.608e+16,9.608e+10,1.877e+08,6.875e-01,1.469e+18,9.608e+16,15.3,336.4,prefill
llama_3_1_70b,2048x128,2048,128,262144,512,1000,131072,2048,2.055e+14,2.051e+14,4.809e+16,4.809e+10,9.392e+07,1.374e+00,1.469e+18,4.809e+16,30.5,672.8,prefill
llama_3_1_70b,2048x256,2048,256,524288,512,1000,131072,2048,1.086e+14,1.084e+14,2.558e+16,2.558e+10,4.995e+07,2.583e+00,1.469e+18,2.554e+16,57.5,1274.3,prefill
llama_3_1_70b,2048x512,2048,512,1048576,512,1000,131072,2048,6.013e+13,6.003e+13,1.432e+16,1.432e+10,2.796e+07,4.614e+00,1.469e+18,1.427e+16,103.0,2620.8,prefill
llama_3_1_70b,2048x1024,2048,1024,2097152,512,1000,131072,2048,3.590e+13,3.585e+13,8.688e+15,8.688e+09,1.697e+07,7.603e+00,1.469e+18,8.626e+15,170.3,5056.5,prefill
llama_3_1_70b,2048x2048,2048,2048,4194304,512,1000,131072,2048,2.380e+13,2.377e+13,5.871e+15,5.871e+09,1.147e+07,1.125e+01,1.464e+18,5.805e+15,252.2,8757.9,prefill
llama_3_1_70b,2048x4096,2048,4096,8388608,512,1000,131072,2048,1.773e+13,1.771e+13,5.785e+15,5.785e+09,1.130e+07,1.142e+01,1.462e+18,4.388e+15,333.2,8611.7,prefill
llama_3_1_70b,4096x32,4096,32,131072,512,1000,131072,2048,7.630e+14,7.621e+14,3.725e+17,3.725e+11,7.276e+08,1.773e-01,1.469e+18,3.725e+17,3.9,129.3,prefill
llama_3_1_70b,4096x64,4096,64,262144,512,1000,131072,2048,3.817e+14,3.812e+14,1.864e+17,1.864e+11,3.640e+08,3.545e-01,1.469e+18,1.864e+17,7.9,258.6,prefill
llama_3_1_70b,4096x128,4096,128,524288,512,1000,131072,2048,1.910e+14,1.908e+14,9.328e+16,9.328e+10,1.822e+08,7.082e-01,1.469e+18,9.328e+16,15.8,517.2,prefill
llama_3_1_70b,4096x256,4096,256,1048576,512,1000,131072,2048,9.861e+13,9.848e+13,4.825e+16,4.825e+10,9.424e+07,1.369e+00,1.471e+18,4.821e+16,30.5,1099.6,prefill
llama_3_1_70b,4096x512,4096,512,2097152,512,1000,131072,2048,5.238e+13,5.231e+13,2.574e+16,2.574e+10,5.026e+07,2.567e+00,1.471e+18,2.568e+16,57.3,2127.3,prefill
llama_3_1_70b,4096x1024,4096,1024,4194304,512,1000,131072,2048,2.927e+13,2.923e+13,1.448e+16,1.448e+10,2.827e+07,4.564e+00,1.463e+18,1.441e+16,101.5,3967.2,prefill
llama_3_1_70b,4096x2048,4096,2048,8388608,512,1000,131072,2048,1.771e+13,1.769e+13,8.841e+15,8.841e+09,1.727e+07,7.472e+00,1.461e+18,8.775e+15,166.5,6694.6,prefill
llama_3_1_70b,4096x4096,4096,4096,16777216,512,1000,131072,2048,1.191e+13,1.189e+13,6.010e+15,6.010e+09,1.174e+07,1.099e+01,1.461e+18,5.942e+15,245.8,6766.2,prefill
llama_3_1_70b,32x32,32,32,1024,512,2000,131072,2048,1.019e+16,1.011e+16,2.708e+16,1.354e+10,2.645e+07,4.878e+00,1.823e+18,2.708e+16,134.6,242.9,prefill
llama_3_1_70b,32x64,32,64,2048,512,2000,131072,2048,5.096e+15,5.058e+15,1.354e+16,6.772e+09,1.323e+07,9.755e+00,1.823e+18,1.354e+16,269.2,485.7,prefill
llama_3_1_70b,32x128,32,128,4096,512,2000,131072,2048,2.549e+15,2.530e+15,1.282e+16,6.410e+09,1.252e+07,1.031e+01,1.823e+18,6.775e+15,538.2,971.5,prefill
llama_3_1_70b,32x256,32,256,8192,512,2000,131072,2048,1.627e+15,1.618e+15,1.269e+16,6.345e+09,1.239e+07,1.041e+01,1.823e+18,4.798e+15,760.0,1916.8,prefill
llama_3_1_70b,32x512,32,512,16384,512,2000,131072,2048,1.166e+15,1.161e+15,1.269e+16,6.343e+09,1.239e+07,1.042e+01,1.823e+18,3.810e+15,957.1,3716.2,prefill
llama_3_1_70b,64x32,64,32,2048,512,2000,131072,2048,5.096e+15,5.058e+15,2.481e+16,1.240e+10,2.423e+07,5.325e+00,1.641e+18,2.481e+16,132.3,243.1,prefill
llama_3_1_70b,64x64,64,64,4096,512,2000,131072,2048,2.548e+15,2.529e+15,1.241e+16,6.204e+09,1.212e+07,1.065e+01,1.641e+18,1.241e+16,264.6,486.1,prefill
llama_3_1_70b,64x128,64,128,8192,512,2000,131072,2048,1.274e+15,1.265e+15,1.204e+16,6.019e+09,1.176e+07,1.097e+01,1.641e+18,6.207e+15,528.9,972.2,prefill
llama_3_1_70b,64x256,64,256,16384,512,2000,131072,2048,8.137e+14,8.089e+14,1.197e+16,5.987e+09,1.169e+07,1.103e+01,1.641e+18,4.515e+15,727.1,1918.3,prefill
llama_3_1_70b,64x512,64,512,32768,512,2000,131072,2048,5.833e+14,5.809e+14,1.197e+16,5.986e+09,1.169e+07,1.104e+01,1.641e+18,3.669e+15,894.8,3719.1,prefill
llama_3_1_70b,128x32,128,32,4096,512,2000,131072,2048,2.549e+15,2.530e+15,2.368e+16,1.184e+10,2.313e+07,5.579e+00,1.550e+18,2.368e+16,130.9,244.0,prefill
llama_3_1_70b,128x64,128,64,8192,512,2000,131072,2048,1.274e+15,1.265e+15,1.184e+16,5.922e+09,1.157e+07,1.116e+01,1.550e+18,1.184e+16,261.8,488.0,prefill
llama_3_1_70b,128x128,128,128,16384,512,2000,131072,2048,6.374e+14,6.327e+14,1.165e+16,5.824e+09,1.137e+07,1.134e+01,1.550e+18,5.925e+15,523.4,976.1,prefill
llama_3_1_70b,128x256,128,256,32768,512,2000,131072,2048,4.070e+14,4.047e+14,1.162e+16,5.808e+09,1.134e+07,1.137e+01,1.550e+18,4.375e+15,708.8,1925.9,prefill
llama_3_1_70b,128x512,128,512,65536,512,2000,131072,2048,2.918e+14,2.906e+14,1.162e+16,5.808e+09,1.134e+07,1.137e+01,1.550e+18,3.600e+15,861.3,3733.9,prefill
llama_3_1_70b,256x32,256,32,8192,512,2000,131072,2048,1.627e+15,1.618e+15,3.440e+16,1.720e+10,3.359e+07,3.841e+00,1.505e+18,3.440e+16,87.5,244.0,prefill
llama_3_1_70b,256x64,256,64,16384,512,2000,131072,2048,8.137e+14,8.089e+14,1.720e+16,8.602e+09,1.680e+07,7.680e+00,1.505e+18,1.720e+16,175.0,488.1,prefill
llama_3_1_70b,256x128,256,128,32768,512,2000,131072,2048,4.070e+14,4.047e+14,1.146e+16,5.732e+09,1.120e+07,1.152e+01,1.505e+18,8.608e+15,349.7,976.2,prefill
llama_3_1_70b,256x256,256,256,65536,512,2000,131072,2048,2.479e+14,2.467e+14,1.145e+16,5.726e+09,1.118e+07,1.154e+01,1.505e+18,5.722e+15,526.0,1892.5,prefill
llama_3_1_70b,256x512,256,512,131072,512,2000,131072,2048,1.683e+14,1.677e+14,1.145e+16,5.726e+09,1.118e+07,1.154e+01,1.505e+18,4.280e+15,703.4,3641.5,prefill
llama_3_1_70b,512x32,512,32,16384,512,2000,131072,2048,1.166e+15,1.161e+15,5.668e+16,2.834e+10,5.535e+07,2.331e+00,1.483e+18,5.668e+16,52.3,253.2,prefill
llama_3_1_70b,512x64,512,64,32768,512,2000,131072,2048,5.833e+14,5.809e+14,2.835e+16,1.418e+10,2.769e+07,4.660e+00,1.483e+18,2.835e+16,104.6,506.3,prefill
llama_3_1_70b,512x128,512,128,65536,512,2000,131072,2048,2.918e+14,2.906e+14,1.705e+16,8.525e+09,1.665e+07,7.749e+00,1.483e+18,1.419e+16,209.0,1012.6,prefill
llama_3_1_70b,512x256,512,256,131072,512,2000,131072,2048,1.683e+14,1.677e+14,1.142e+16,5.711e+09,1.115e+07,1.157e+01,1.483e+18,8.524e+15,347.9,1948.5,prefill
llama_3_1_70b,512x512,512,512,262144,512,2000,131072,2048,1.065e+14,1.062e+14,1.140e+16,5.699e+09,1.113e+07,1.159e+01,1.483e+18,5.691e+15,521.1,3739.3,prefill
llama_3_1_8b,32x32,32,32,1024,32,1000,131072,2048,1.012e+14,1.006e+14,5.939e+14,5.939e+08,1.856e+07,6.952e+00,3.814e+16,5.939e+14,64.2,118.7,prefill
llama_3_1_8b,32x32,32,32,1024,64,1000,131072,2048,2.026e+14,2.013e+14,1.188e+15,1.188e+09,1.856e+07,6.951e+00,7.452e+16,1.188e+15,62.7,96.6,prefill
llama_3_1_8b,32x32,32,32,1024,128,1000,131072,2048,4.051e+14,4.026e+14,2.376e+15,2.376e+09,1.856e+07,6.951e+00,1.473e+17,2.376e+15,62.0,96.7,prefill
llama_3_1_8b,32x32,32,32,1024,256,1000,131072,2048,8.096e+14,8.052e+14,4.751e+15,4.751e+09,1.856e+07,6.952e+00,2.972e+17,4.751e+15,62.5,109.8,prefill
llama_3_1_8b,32x32,32,32,1024,512,1000,131072,2048,1.619e+15,1.610e+15,9.502e+15,9.502e+09,1.856e+07,6.952e+00,6.036e+17,9.502e+15,63.5,117.7,prefill
llama_3_1_8b,32x64,32,64,2048,512,1000,131072,2048,8.095e+14,8.053e+14,4.752e+15,4.752e+09,9.282e+06,1.390e+01,6.036e+17,4.752e+15,127.0,235.5,prefill
llama_3_1_8b,32x128,32,128,4096,512,1000,131072,2048,4.049e+14,4.028e+14,2.377e+15,2.377e+09,4.643e+06,2.779e+01,6.036e+17,2.377e+15,253.9,470.9,prefill
llama_3_1_8b,32x256,32,256,8192,512,1000,131072,2048,2.730e+14,2.719e+14,2.327e+15,2.327e+09,4.545e+06,2.839e+01,6.036e+17,1.753e+15,344.3,919.8,prefill
llama_3_1_8b,32x512,32,512,16384,512,1000,131072,2048,2.071e+14,2.065e+14,2.314e+15,2.314e+09,4.520e+06,2.855e+01,6.036e+17,1.441e+15,418.9,1722.5,prefill
llama_3_1_8b,32x1024,32,1024,32768,512,1000,131072,2048,1.741e+14,1.738e+14,2.308e+15,2.308e+09,4.507e+06,2.863e+01,6.036e+17,1.285e+15,469.9,3074.3,prefill
llama_3_1_8b,32x2048,32,2048,65536,512,1000,131072,2048,1.579e+14,1.577e+14,2.305e+15,2.305e+09,4.501e+06,2.866e+01,6.036e+17,1.207e+15,500.2,4968.6,prefill
llama_3_1_8b,32x4096,32,4096,131072,512,1000,131072,2048,1.500e+14,1.499e+14,2.305e+15,2.305e+09,4.501e+06,2.866e+01,6.036e+17,1.168e+15,516.8,6815.5,prefill
llama_3_1_8b,64x32,64,32,2048,512,1000,131072,2048,8.095e+14,8.053e+14,9.258e+15,9.258e+09,1.808e+07,7.135e+00,5.910e+17,9.258e+15,63.8,117.8,prefill
llama_3_1_8b,64x64,64,64,4096,32,1000,131072,2048,2.533e+13,2.517e+13,2.970e+14,2.970e+08,9.281e+06,1.390e+01,3.806e+16,2.970e+14,128.2,192.7,prefill
llama_3_1_8b,64x64,64,64,4096,64,1000,131072,2048,5.066e+13,5.034e+13,5.788e+14,5.788e+08,9.044e+06,1.427e+01,7.427e+16,5.788e+14,128.3,193.3,prefill
llama_3_1_8b,64x64,64,64,4096,128,1000,131072,2048,1.012e+14,1.007e+14,1.158e+15,1.158e+09,9.044e+06,1.427e+01,1.467e+17,1.158e+15,126.7,219.6,prefill
llama_3_1_8b,64x64,64,64,4096,256,1000,131072,2048,2.024e+14,2.014e+14,2.315e+15,2.315e+09,9.043e+06,1.427e+01,2.937e+17,2.315e+15,126.9,235.5,prefill
llama_3_1_8b,64x64,64,64,4096,512,1000,131072,2048,4.048e+14,4.027e+14,4.630e+15,4.630e+09,9.043e+06,1.427e+01,5.910e+17,4.630e+15,127.6,235.6,prefill
llama_3_1_8b,64x128,64,128,8192,512,1000,131072,2048,2.025e+14,2.014e+14,2.316e+15,2.316e+09,4.524e+06,2.852e+01,5.910e+17,2.316e+15,255.2,471.3,prefill
llama_3_1_8b,64x256,64,256,16384,512,1000,131072,2048,1.365e+14,1.360e+14,2.290e+15,2.290e+09,4.473e+06,2.885e+01,5.910e+17,1.723e+15,343.1,920.5,prefill
llama_3_1_8b,64x512,64,512,32768,512,1000,131072,2048,1.036e+14,1.033e+14,2.284e+15,2.284e+09,4.460e+06,2.893e+01,5.910e+17,1.426e+15,414.5,1723.8,prefill
llama_3_1_8b,64x1024,64,1024,65536,512,1000,131072,2048,8.708e+13,8.692e+13,2.280e+15,2.280e+09,4.454e+06,2.897e+01,5.910e+17,1.277e+15,462.7,3076.6,prefill
llama_3_1_8b,64x2048,64,2048,131072,512,1000,131072,2048,7.897e+13,7.887e+13,2.280e+15,2.280e+09,4.454e+06,2.897e+01,5.910e+17,1.203e+15,491.2,4972.4,prefill
llama_3_1_8b,64x4096,64,4096,262144,512,1000,131072,2048,7.505e+13,7.498e+13,2.280e+15,2.280e+09,4.454e+06,2.897e+01,5.910e+17,1.166e+15,506.8,6820.6,prefill
llama_3_1_8b,128x32,128,32,4096,512,1000,131072,2048,4.049e+14,4.028e+14,9.140e+15,9.140e+09,1.785e+07,7.228e+00,5.847e+17,9.140e+15,64.0,118.1,prefill
llama_3_1_8b,128x64,128,64,8192,512,1000,131072,2048,2.025e+14,2.014e+14,4.571e+15,4.571e+09,8.928e+06,1.445e+01,5.847e+17,4.571e+15,127.9,236.3,prefill
llama_3_1_8b,128x128,128,128,16384,32,1000,131072,2048,6.337e+12,6.297e+12,1.486e+14,1.486e+08,4.644e+06,2.779e+01,3.802e+16,1.486e+14,255.9,386.7,prefill
llama_3_1_8b,128x128,128,128,16384,64,1000,131072,2048,1.266e+13,1.259e+13,2.896e+14,2.896e+08,4.525e+06,2.851e+01,7.415e+16,2.896e+14,256.0,439.7,prefill
llama_3_1_8b,128x128,128,128,16384,128,1000,131072,2048,2.532e+13,2.519e+13,5.717e+14,5.717e+08,4.466e+06,2.889e+01,1.464e+17,5.717e+14,256.1,472.0,prefill
llama_3_1_8b,128x128,128,128,16384,256,1000,131072,2048,5.064e+13,5.038e+13,1.143e+15,1.143e+09,4.466e+06,2.889e+01,2.920e+17,1.143e+15,255.4,472.3,prefill
llama_3_1_8b,128x128,128,128,16384,512,1000,131072,2048,1.013e+14,1.008e+14,2.287e+15,2.287e+09,4.466e+06,2.889e+01,5.847e+17,2.287e+15,255.7,472.5,prefill
llama_3_1_8b,128x256,128,256,32768,512,1000,131072,2048,6.830e+13,6.804e+13,2.273e+15,2.273e+09,4.438e+06,2.907e+01,5.847e+17,1.708e+15,342.3,923.0,prefill
llama_3_1_8b,128x512,128,512,65536,512,1000,131072,2048,5.182e+13,5.168e+13,2.269e+15,2.269e+09,4.432e+06,2.911e+01,5.847e+17,1.419e+15,412.0,1728.4,prefill
llama_3_1_8b,128x1024,128,1024,131072,512,1000,131072,2048,4.358e+13,4.350e+13,2.269e+15,2.269e+09,4.432e+06,2.911e+01,5.847e+17,1.275e+15,458.7,3084.8,prefill
llama_3_1_8b,128x2048,128,2048,262144,512,1000,131072,2048,3.952e+13,3.947e+13,2.269e+15,2.269e+09,4.432e+06,2.911e+01,5.847e+17,1.202e+15,486.3,4985.6,prefill
llama_3_1_8b,128x4096,128,4096,524288,512,1000,131072,2048,3.756e+13,3.752e+13,2.269e+15,2.269e+09,4.432e+06,2.911e+01,5.847e+17,1.166e+15,501.4,6838.8,prefill
llama_3_1_8b,256x32,256,32,8192,512,1000,131072,2048,2.730e+14,2.719e+14,1.359e+16,1.359e+10,2.655e+07,4.860e+00,5.816e+17,1.359e+16,42.8,117.0,prefill
llama_3_1_8b,256x64,256,64,16384,512,1000,131072,2048,1.365e+14,1.360e+14,6.798e+15,6.798e+09,1.328e+07,9.717e+00,5.816e+17,6.798e+15,85.6,234.1,prefill
llama_3_1_8b,256x128,256,128,32768,512,1000,131072,2048,6.830e+13,6.804e+13,3.401e+15,3.401e+09,6.643e+06,1.942e+01,5.816e+17,3.401e+15,171.0,468.1,prefill
llama_3_1_8b,256x256,256,256,65536,32,1000,131072,2048,2.690e+12,2.680e+12,1.489e+14,1.489e+08,4.652e+06,2.774e+01,3.800e+16,1.451e+14,262.0,838.6,prefill
llama_3_1_8b,256x256,256,256,65536,64,1000,131072,2048,5.378e+12,5.360e+12,2.901e+14,2.901e+08,4.534e+06,2.846e+01,7.409e+16,2.864e+14,258.7,897.1,prefill
llama_3_1_8b,256x256,256,256,65536,128,1000,131072,2048,1.076e+13,1.072e+13,5.727e+14,5.727e+08,4.474e+06,2.884e+01,1.463e+17,5.689e+14,257.1,898.5,prefill
llama_3_1_8b,256x256,256,256,65536,256,1000,131072,2048,2.151e+13,2.144e+13,1.138e+15,1.138e+09,4.445e+06,2.903e+01,2.911e+17,1.134e+15,256.7,899.2,prefill
llama_3_1_8b,256x256,256,256,65536,512,1000,131072,2048,4.302e+13,4.288e+13,2.270e+15,2.270e+09,4.434e+06,2.910e+01,5.816e+17,2.268e+15,256.4,907.1,prefill
llama_3_1_8b,256x512,256,512,131072,512,1000,131072,2048,3.038e+13,3.031e+13,2.265e+15,2.265e+09,4.425e+06,2.916e+01,5.816e+17,1.701e+15,341.8,1689.6,prefill
llama_3_1_8b,256x1024,256,1024,262144,512,1000,131072,2048,2.406e+13,2.402e+13,2.265e+15,2.265e+09,4.425e+06,2.916e+01,5.816e+17,1.418e+15,410.2,3027.4,prefill
llama_3_1_8b,256x2048,256,2048,524288,512,1000,131072,2048,2.093e+13,2.091e+13,2.265e+15,2.265e+09,4.425e+06,2.916e+01,5.816e+17,1.276e+15,455.7,4939.9,prefill
llama_3_1_8b,256x4096,256,4096,1048576,512,1000,131072,2048,1.940e+13,1.938e+13,2.265e+15,2.265e+09,4.425e+06,2.916e+01,5.816e+17,1.205e+15,482.6,6719.6,prefill
llama_3_1_8b,512x32,512,32,16384,512,1000,131072,2048,2.071e+14,2.065e+14,2.259e+16,2.259e+10,4.412e+07,2.924e+00,5.800e+17,2.259e+16,25.7,115.2,prefill
llama_3_1_8b,512x64,512,64,32768,512,1000,131072,2048,1.036e+14,1.033e+14,1.130e+16,1.130e+10,2.207e+07,5.847e+00,5.800e+17,1.130e+16,51.3,230.3,prefill
llama_3_1_8b,512x128,512,128,65536,512,1000,131072,2048,5.182e+13,5.168e+13,5.654e+15,5.654e+09,1.104e+07,1.168e+01,5.800e+17,5.654e+15,102.6,460.7,prefill
llama_3_1_8b,512x256,512,256,131072,512,1000,131072,2048,3.038e+13,3.031e+13,3.403e+15,3.403e+09,6.646e+06,1.941e+01,5.800e+17,3.399e+15,170.7,887.9,prefill
llama_3_1_8b,512x512,512,512,262144,32,1000,131072,2048,1.229e+12,1.226e+12,1.494e+14,1.494e+08,4.669e+06,2.763e+01,3.799e+16,1.437e+14,264.3,1587.6,prefill
llama_3_1_8b,512x512,512,512,262144,64,1000,131072,2048,2.458e+12,2.453e+12,2.913e+14,2.913e+08,4.551e+06,2.835e+01,7.406e+16,2.856e+14,259.3,1592.0,prefill
llama_3_1_8b,512x512,512,512,262144,128,1000,131072,2048,4.916e+12,4.905e+12,5.750e+14,5.750e+08,4.492e+06,2.872e+01,1.462e+17,5.693e+14,256.8,1594.2,prefill
llama_3_1_8b,512x512,512,512,262144,256,1000,131072,2048,9.831e+12,9.811e+12,1.142e+15,1.142e+09,4.462e+06,2.891e+01,2.907e+17,1.137e+15,255.7,1606.1,prefill
llama_3_1_8b,512x512,512,512,262144,512,1000,131072,2048,1.966e+13,1.962e+13,2.277e+15,2.277e+09,4.448e+06,2.901e+01,5.800e+17,2.271e+15,255.4,1612.1,prefill
llama_3_1_8b,512x1024,512,1024,524288,512,1000,131072,2048,1.430e+13,1.428e+13,2.268e+15,2.268e+09,4.430e+06,2.913e+01,5.800e+17,1.707e+15,339.7,2848.7,prefill
llama_3_1_8b,512x2048,512,2048,1048576,512,1000,131072,2048,1.163e+13,1.162e+13,2.268e+15,2.268e+09,4.430e+06,2.913e+01,5.800e+17,1.425e+15,407.0,4631.7,prefill
llama_3_1_8b,512x4096,512,4096,2097152,512,1000,131072,2048,1.032e+13,1.030e+13,2.268e+15,2.268e+09,4.430e+06,2.913e+01,5.800e+17,1.284e+15,451.9,6046.7,prefill
llama_3_1_8b,1024x32,1024,32,32768,512,1000,131072,2048,1.741e+14,1.738e+14,4.064e+16,4.064e+10,7.938e+07,1.625e+00,5.793e+17,4.064e+16,14.3,128.9,prefill
llama_3_1_8b,1024x64,1024,64,65536,512,1000,131072,2048,8.708e+13,8.692e+13,2.033e+16,2.033e+10,3.971e+07,3.249e+00,5.793e+17,2.033e+16,28.5,257.9,prefill
llama_3_1_8b,1024x128,1024,128,131072,512,1000,131072,2048,4.358e+13,4.350e+13,1.017e+16,1.017e+10,1.987e+07,6.493e+00,5.793e+17,1.017e+16,56.9,515.8,prefill
llama_3_1_8b,1024x256,1024,256,262144,512,1000,131072,2048,2.406e+13,2.402e+13,5.672e+15,5.672e+09,1.108e+07,1.165e+01,5.793e+17,5.668e+15,102.2,998.0,prefill
llama_3_1_8b,1024x512,1024,512,524288,512,1000,131072,2048,1.430e+13,1.428e+13,3.421e+15,3.421e+09,6.681e+06,1.931e+01,5.793e+17,3.415e+15,169.6,1786.9,prefill
llama_3_1_8b,1024x1024,1024,1024,1048576,512,1000,131072,2048,9.419e+12,9.406e+12,2.295e+15,2.295e+09,4.482e+06,2.879e+01,5.793e+17,2.288e+15,253.2,3251.5,prefill
llama_3_1_8b,1024x2048,1024,2048,2097152,512,1000,131072,2048,6.985e+12,6.977e+12,2.277e+15,2.277e+09,4.447e+06,2.902e+01,5.793e+17,1.724e+15,336.0,5405.0,prefill
llama_3_1_8b,1024x4096,1024,4096,4194304,512,1000,131072,2048,5.773e+12,5.766e+12,2.277e+15,2.277e+09,4.447e+06,2.902e+01,5.790e+17,1.441e+15,401.9,5671.1,prefill
llama_3_1_8b,2048x32,2048,32,65536,512,1000,131072,2048,1.576e+14,1.574e+14,7.675e+16,7.675e+10,1.499e+08,8.607e-01,5.790e+17,7.675e+16,7.5,142.6,prefill
llama_3_1_8b,2048x64,2048,64,131072,512,1000,131072,2048,7.883e+13,7.874e+13,3.839e+16,3.839e+10,7.498e+07,1.721e+00,5.790e+17,3.839e+16,15.1,285.2,prefill
llama_3_1_8b,2048x128,2048,128,262144,512,1000,131072,2048,3.945e+13,3.940e+13,1.921e+16,1.921e+10,3.753e+07,3.438e+00,5.790e+17,1.921e+16,30.1,570.4,prefill
llama_3_1_8b,2048x256,2048,256,524288,512,1000,131072,2048,2.090e+13,2.087e+13,1.021e+16,1.021e+10,1.994e+07,6.471e+00,5.790e+17,1.021e+16,56.7,1109.8,prefill
llama_3_1_8b,2048x512,2048,512,1048576,512,1000,131072,2048,1.162e+13,1.160e+13,5.707e+15,5.707e+09,1.115e+07,1.158e+01,5.790e+17,5.701e+15,101.6,2055.6,prefill
llama_3_1_8b,2048x1024,2048,1024,2097152,512,1000,131072,2048,6.977e+12,6.969e+12,3.455e+15,3.455e+09,6.747e+06,1.912e+01,5.790e+17,3.448e+15,167.9,3745.3,prefill
llama_3_1_8b,2048x2048,2048,2048,4194304,512,1000,131072,2048,4.659e+12,4.654e+12,2.328e+15,2.328e+09,4.546e+06,2.838e+01,5.788e+17,2.321e+15,249.4,5635.6,prefill
llama_3_1_8b,2048x4096,2048,4096,8388608,512,1000,131072,2048,3.500e+12,3.496e+12,2.293e+15,2.293e+09,4.479e+06,2.881e+01,5.787e+17,1.754e+15,329.9,5192.8,prefill
llama_3_1_8b,4096x32,4096,32,131072,512,1000,131072,2048,1.495e+14,1.493e+14,1.489e+17,1.489e+11,2.909e+08,4.435e-01,5.789e+17,1.489e+17,3.9,112.5,prefill
llama_3_1_8b,4096x64,4096,64,262144,512,1000,131072,2048,7.477e+13,7.470e+13,7.451e+16,7.451e+10,1.455e+08,8.867e-01,5.789e+17,7.451e+16,7.8,225.0,prefill
llama_3_1_8b,4096x128,4096,128,524288,512,1000,131072,2048,3.742e+13,3.739e+13,3.729e+16,3.729e+10,7.283e+07,1.772e+00,5.789e+17,3.729e+16,15.5,449.9,prefill
llama_3_1_8b,4096x256,4096,256,1048576,512,1000,131072,2048,1.933e+13,1.931e+13,1.928e+16,1.928e+10,3.765e+07,3.427e+00,5.790e+17,1.928e+16,30.0,948.1,prefill
llama_3_1_8b,4096x512,4096,512,2097152,512,1000,131072,2048,1.028e+13,1.027e+13,1.027e+16,1.027e+10,2.007e+07,6.430e+00,5.790e+17,1.027e+16,56.4,1731.3,prefill
llama_3_1_8b,4096x1024,4096,1024,4194304,512,1000,131072,2048,5.755e+12,5.749e+12,5.769e+15,5.769e+09,1.127e+07,1.145e+01,5.787e+17,5.763e+15,100.4,2833.7,prefill
llama_3_1_8b,4096x2048,4096,2048,8388608,512,1000,131072,2048,3.493e+12,3.489e+12,3.516e+15,3.516e+09,6.867e+06,1.879e+01,5.787e+17,3.509e+15,164.9,4189.3,prefill
llama_3_1_8b,4096x4096,4096,4096,16777216,512,1000,131072,2048,2.359e+12,2.356e+12,2.384e+15,2.384e+09,4.655e+06,2.771e+01,5.787e+17,2.376e+15,243.5,4307.2,prefill
llama_3_1_8b,32x32,32,32,1024,512,2000,131072,2048,1.619e+15,1.610e+15,9.502e+15,4.751e+09,9.279e+06,1.390e+01,6.036e+17,9.502e+15,127.0,235.5,prefill
llama_3_1_8b,32x64,32,64,2048,512,2000,131072,2048,8.095e+14,8.053e+14,4.752e+15,2.376e+09,4.641e+06,2.780e+01,6.036e+17,4.752e+15,254.0,470.9,prefill
llama_3_1_8b,32x128,32,128,4096,512,2000,131072,2048,4.049e+14,4.028e+14,4.653e+15,2.327e+09,4.544e+06,2.839e+01,6.036e+17,2.377e+15,507.8,941.8,prefill
llama_3_1_8b,32x256,32,256,8192,512,2000,131072,2048,2.730e+14,2.719e+14,4.627e+15,2.313e+09,4.519e+06,2.855e+01,6.036e+17,1.753e+15,688.7,1839.7,prefill
llama_3_1_8b,32x512,32,512,16384,512,2000,131072,2048,2.071e+14,2.065e+14,4.614e+15,2.307e+09,4.506e+06,2.863e+01,6.036e+17,1.441e+15,837.9,3445.0,prefill
llama_3_1_8b,64x32,64,32,2048,512,2000,131072,2048,8.095e+14,8.053e+14,9.258e+15,4.629e+09,9.041e+06,1.427e+01,5.910e+17,9.258e+15,127.7,235.6,prefill
llama_3_1_8b,64x64,64,64,4096,512,2000,131072,2048,4.048e+14,4.027e+14,4.630e+15,2.315e+09,4.522e+06,2.853e+01,5.910e+17,4.630e+15,255.3,471.3,prefill
llama_3_1_8b,64x128,64,128,8192,512,2000,131072,2048,2.025e+14,2.014e+14,4.578e+15,2.289e+09,4.471e+06,2.886e+01,5.910e+17,2.316e+15,510.3,942.5,prefill
llama_3_1_8b,64x256,64,256,16384,512,2000,131072,2048,1.365e+14,1.360e+14,4.565e+15,2.282e+09,4.458e+06,2.894e+01,5.910e+17,1.723e+15,686.2,1841.1,prefill
llama_3_1_8b,64x512,64,512,32768,512,2000,131072,2048,1.036e+14,1.033e+14,4.558e+15,2.279e+09,4.452e+06,2.898e+01,5.910e+17,1.426e+15,829.0,3447.5,prefill
llama_3_1_8b,128x32,128,32,4096,512,2000,131072,2048,4.049e+14,4.028e+14,9.140e+15,4.570e+09,8.925e+06,1.446e+01,5.847e+17,9.140e+15,128.0,236.3,prefill
llama_3_1_8b,128x64,128,64,8192,512,2000,131072,2048,2.025e+14,2.014e+14,4.571e+15,2.285e+09,4.464e+06,2.890e+01,5.847e+17,4.571e+15,255.9,472.5,prefill
llama_3_1_8b,128x128,128,128,16384,512,2000,131072,2048,1.013e+14,1.008e+14,4.540e+15,2.270e+09,4.434e+06,2.910e+01,5.847e+17,2.287e+15,511.4,945.1,prefill
llama_3_1_8b,128x256,128,256,32768,512,2000,131072,2048,6.830e+13,6.804e+13,4.534e+15,2.267e+09,4.428e+06,2.914e+01,5.847e+17,1.708e+15,684.5,1846.0,prefill
llama_3_1_8b,128x512,128,512,65536,512,2000,131072,2048,5.182e+13,5.168e+13,4.534e+15,2.267e+09,4.428e+06,2.914e+01,5.847e+17,1.419e+15,824.0,3456.7,prefill
llama_3_1_8b,256x32,256,32,8192,512,2000,131072,2048,2.730e+14,2.719e+14,1.359e+16,6.796e+09,1.327e+07,9.720e+00,5.816e+17,1.359e+16,85.6,234.1,prefill
llama_3_1_8b,256x64,256,64,16384,512,2000,131072,2048,1.365e+14,1.360e+14,6.798e+15,3.399e+09,6.639e+06,1.943e+01,5.816e+17,6.798e+15,171.1,468.1,prefill
llama_3_1_8b,256x128,256,128,32768,512,2000,131072,2048,6.830e+13,6.804e+13,4.526e+15,2.263e+09,4.420e+06,2.919e+01,5.816e+17,3.401e+15,342.0,936.2,prefill
llama_3_1_8b,256x256,256,256,65536,512,2000,131072,2048,4.302e+13,4.288e+13,4.522e+15,2.261e+09,4.416e+06,2.922e+01,5.816e+17,2.268e+15,512.9,1814.1,prefill
llama_3_1_8b,256x512,256,512,131072,512,2000,131072,2048,3.038e+13,3.031e+13,4.522e+15,2.261e+09,4.416e+06,2.922e+01,5.816e+17,1.701e+15,683.7,3379.2,prefill
llama_3_1_8b,512x32,512,32,16384,512,2000,131072,2048,2.071e+14,2.065e+14,2.259e+16,1.129e+10,2.206e+07,5.849e+00,5.800e+17,2.259e+16,51.4,230.3,prefill
llama_3_1_8b,512x64,512,64,32768,512,2000,131072,2048,1.036e+14,1.033e+14,1.130e+16,5.650e+09,1.103e+07,1.169e+01,5.800e+17,1.130e+16,102.7,460.7,prefill
llama_3_1_8b,512x128,512,128,65536,512,2000,131072,2048,5.182e+13,5.168e+13,6.778e+15,3.389e+09,6.619e+06,1.949e+01,5.800e+17,5.654e+15,205.2,921.3,prefill
llama_3_1_8b,512x256,512,256,131072,512,2000,131072,2048,3.038e+13,3.031e+13,4.527e+15,2.264e+09,4.421e+06,2.918e+01,5.800e+17,3.399e+15,341.3,1775.9,prefill
llama_3_1_8b,512x512,512,512,262144,512,2000,131072,2048,1.966e+13,1.962e+13,4.518e+15,2.259e+09,4.412e+06,2.924e+01,5.800e+17,2.271e+15,510.7,3224.2,prefill
