model,array_dim,batch_size,seq_len,phase,pe_count,useful_macs,compute_cycle_count,utilization
deepseek_v4,128x128,512,2048,prefill,16384,4.055818362997965e+16,2548456488960.0,0.9713625034587964
deepseek_v4,128x128,512,4096,decode,16384,20932303257600.0,1291763712.0,0.9890403238080743
deepseek_v4,128x128,512,131072,decode,16384,26990354628608.0,1649328128.0,0.9988070196787427
deepseek_v4,128x128,512,1048576,decode,16384,70764661309440.0,4321099776.0,0.999544649255514
deepseek_v4,256x256,512,2048,prefill,65536,4.055818362997965e+16,643432734720.0,0.9618235681423802
deepseek_v4,256x256,512,4096,decode,65536,20932303257600.0,329713664.0,0.9687241836601591
deepseek_v4,256x256,512,131072,decode,65536,26990354628608.0,484116480.0,0.8507046238128477
deepseek_v4,256x256,512,1048576,decode,65536,70764661309440.0,1592461312.0,0.6780591979618529
deepseek_v4,32x32,512,2048,prefill,1024,4.055818362997965e+16,41091564830720.0,0.9638864171836408
deepseek_v4,32x32,512,4096,decode,1024,20932303257600.0,20445200384.0,0.9998289092826531
deepseek_v4,32x32,512,131072,decode,1024,26990354628608.0,26361266176.0,0.9998673059185911
deepseek_v4,32x32,512,1048576,decode,1024,70764661309440.0,69109612544.0,0.9999493849860933
deepseek_v4,512x512,512,2048,prefill,262144,4.055818362997965e+16,170403624960.0,0.9079454279703135
deepseek_v4,512x512,512,4096,decode,262144,20932303257600.0,87849984.0,0.9089404045878938
deepseek_v4,512x512,512,131072,decode,262144,26990354628608.0,156924928.0,0.6561101114540578
deepseek_v4,512x512,512,1048576,decode,262144,70764661309440.0,654212096.0,0.4126272834918662
deepseek_v4,64x64,512,2048,prefill,4096,4.055818362997965e+16,10182629785600.0,0.9724305517117985
deepseek_v4,64x64,512,4096,decode,4096,20932303257600.0,5127553024.0,0.9966597275698889
deepseek_v4,64x64,512,131072,decode,4096,26990354628608.0,6590316544.0,0.9998673059185911
deepseek_v4,64x64,512,1048576,decode,4096,70764661309440.0,17277403136.0,0.9999493849860933
llama_3_1_405b,128x128,512,2048,prefill,16384,4.322268169717678e+17,26920070676480.0,0.979976301933005
llama_3_1_405b,128x128,512,4096,decode,16384,215377577508864.0,13145604096.0,1.0
llama_3_1_405b,128x128,512,131072,decode,16384,483795853639680.0,29528555520.0,1.0
llama_3_1_405b,256x256,512,2048,prefill,65536,4.322268169717678e+17,6836046397440.0,0.9647766331424884
llama_3_1_405b,256x256,512,4096,decode,65536,215377577508864.0,3418521600.0,0.9613515456506111
llama_3_1_405b,256x256,512,131072,decode,65536,483795853639680.0,11609997312.0,0.6358432893321931
llama_3_1_405b,32x32,512,2048,prefill,1024,4.322268169717678e+17,428556467306496.0,0.984926218945883
llama_3_1_405b,32x32,512,4096,decode,1024,215377577508864.0,210329665536.0,1.0
llama_3_1_405b,32x32,512,131072,decode,1024,483795853639680.0,472456888320.0,1.0
llama_3_1_405b,512x512,512,2048,prefill,262144,4.322268169717678e+17,1764560568320.0,0.9344051354393579
llama_3_1_405b,512x512,512,4096,decode,262144,215377577508864.0,920698880.0,0.8923658688495417
llama_3_1_405b,512x512,512,131072,decode,262144,483795853639680.0,5016436736.0,0.36789753706165346
llama_3_1_405b,64x64,512,2048,prefill,4096,4.322268169717678e+17,107139116826624.0,0.984926218945883
llama_3_1_405b,64x64,512,4096,decode,4096,215377577508864.0,52582416384.0,1.0
llama_3_1_405b,64x64,512,131072,decode,4096,483795853639680.0,118114222080.0,1.0
llama_3_1_70b,128x128,512,2048,prefill,16384,7.56925794793554e+16,4689410129920.0,0.9851790070592129
llama_3_1_70b,128x128,512,4096,decode,16384,38333656858624.0,2339700736.0,1.0
llama_3_1_70b,128x128,512,131072,decode,16384,123545808011264.0,7540637696.0,1.0
llama_3_1_70b,256x256,512,2048,prefill,65536,7.56925794793554e+16,1225917399040.0,0.9421328914790242
llama_3_1_70b,256x256,512,4096,decode,65536,38333656858624.0,626868224.0,0.933091137189305
llama_3_1_70b,256x256,512,131072,decode,65536,123545808011264.0,3227336704.0,0.5841223265188014
llama_3_1_70b,32x32,512,2048,prefill,1024,7.56925794793554e+16,75030562078720.0,0.9851790070592129
llama_3_1_70b,32x32,512,4096,decode,1024,38333656858624.0,37435211776.0,1.0
llama_3_1_70b,32x32,512,131072,decode,1024,123545808011264.0,120650203136.0,1.0
llama_3_1_70b,512x512,512,2048,prefill,262144,7.56925794793554e+16,331973836800.0,0.8697802174752586
llama_3_1_70b,512x512,512,4096,decode,262144,38333656858624.0,177692672.0,0.8229450002305103
llama_3_1_70b,512x512,512,131072,decode,262144,123545808011264.0,1477926912.0,0.31888576638896743
llama_3_1_70b,64x64,512,2048,prefill,4096,7.56925794793554e+16,18757640519680.0,0.9851790070592129
llama_3_1_70b,64x64,512,4096,decode,4096,38333656858624.0,9358802944.0,1.0
llama_3_1_70b,64x64,512,131072,decode,4096,123545808011264.0,30162550784.0,1.0
llama_3_1_8b,128x128,512,2048,prefill,16384,8432154673414144.0,522162536448.0,0.9856277348370294
llama_3_1_8b,128x128,512,4096,decode,16384,4392140931072.0,268075008.0,1.0
llama_3_1_8b,128x128,512,131072,decode,16384,21434571161600.0,1308262400.0,1.0
llama_3_1_8b,256x256,512,2048,prefill,65536,8432154673414144.0,137957965824.0,0.9326353047865595
llama_3_1_8b,256x256,512,4096,decode,65536,4392140931072.0,75407360.0,0.8887561108093428
llama_3_1_8b,256x256,512,131072,decode,65536,21434571161600.0,595501056.0,0.5492275734940091
llama_3_1_8b,32x32,512,2048,prefill,1024,8432154673414144.0,8354600583168.0,0.9856277348370294
llama_3_1_8b,32x32,512,4096,decode,1024,4392140931072.0,4289200128.0,1.0
llama_3_1_8b,32x32,512,131072,decode,1024,21434571161600.0,20932198400.0,1.0
llama_3_1_8b,512x512,512,2048,prefill,262144,8432154673414144.0,40789565440.0,0.7885869101330637
llama_3_1_8b,512x512,512,4096,decode,262144,4392140931072.0,23048192.0,0.726941531899769
llama_3_1_8b,512x512,512,131072,decode,262144,21434571161600.0,283095040.0,0.2888302105187007
llama_3_1_8b,64x64,512,2048,prefill,4096,8432154673414144.0,2088650145792.0,0.9856277348370294
llama_3_1_8b,64x64,512,4096,decode,4096,4392140931072.0,1072300032.0,1.0
llama_3_1_8b,64x64,512,131072,decode,4096,21434571161600.0,5233049600.0,1.0
