gemm_class,model,array_dim,batch_size,max_seq_len,frequency,asram_size,wsram_size,osram_size,isram_active_elements,wsram_active_elements,active_fraction,input_data_moved,weight_data_moved,output_read_data_moved,output_write_data_moved,output_data_moved,total_data_moved,array_cycle_count,sram_cycle_count,window_cycle_count,sram_stall_cycle_count,dram_cycle_count,dram_stall_cycle_count,input_dram_bandwidth,weight_dram_bandwidth,output_dram_bandwidth,total_required_bandwidth
attention,deepseek_v4,256x512,256,1048576,1000,1.049e+07,1.049e+07,1.049e+07,327680,327680,0.5,2.143e+15,8.791e+18,3.138e+12,2.146e+15,2.149e+15,8.795e+18,8.595e+15,8.588e+15,8.595e+15,0.000e+00,3.434e+16,2.575e+16,2.493e-01,1.023e+03,2.500e-01,1.023e+03
attention,deepseek_v4,256x512,256,1048576,1000,1.258e+07,1.258e+07,1.258e+07,393216,393216,0.5,2.143e+15,8.791e+18,3.123e+12,2.146e+15,2.149e+15,8.795e+18,8.595e+15,8.588e+15,8.595e+15,0.000e+00,3.434e+16,2.575e+16,2.493e-01,1.023e+03,2.500e-01,1.023e+03
attention,deepseek_v4,256x512,256,1048576,1000,1.468e+07,1.468e+07,1.468e+07,458752,458752,0.5,2.143e+15,8.791e+18,3.109e+12,2.146e+15,2.149e+15,8.795e+18,8.595e+15,8.588e+15,8.595e+15,0.000e+00,3.434e+16,2.575e+16,2.493e-01,1.023e+03,2.500e-01,1.023e+03
attention,deepseek_v4,256x512,256,1048576,1000,1.678e+07,1.678e+07,1.678e+07,524288,524288,0.5,2.143e+15,8.791e+18,3.095e+12,2.146e+15,2.149e+15,8.795e+18,8.595e+15,8.588e+15,8.595e+15,0.000e+00,3.434e+16,2.575e+16,2.493e-01,1.023e+03,2.500e-01,1.023e+03
attention,deepseek_v4,256x512,256,1048576,1000,1.887e+07,1.887e+07,1.887e+07,589824,589824,0.5,2.143e+15,8.791e+18,3.080e+12,2.146e+15,2.149e+15,8.795e+18,8.595e+15,8.588e+15,8.595e+15,0.000e+00,3.434e+16,2.575e+16,2.493e-01,1.023e+03,2.500e-01,1.023e+03
attention,deepseek_v4,256x512,256,1048576,1000,2.097e+07,2.097e+07,2.097e+07,655360,655360,0.5,2.143e+15,8.791e+18,3.066e+12,2.146e+15,2.149e+15,8.795e+18,8.595e+15,8.588e+15,8.595e+15,0.000e+00,3.434e+16,2.575e+16,2.493e-01,1.023e+03,2.500e-01,1.023e+03
attention,deepseek_v4,256x512,256,1048576,1000,2.307e+07,2.307e+07,2.307e+07,720896,720896,0.5,2.143e+15,8.791e+18,3.052e+12,2.146e+15,2.149e+15,8.795e+18,8.595e+15,8.588e+15,8.595e+15,0.000e+00,3.434e+16,2.575e+16,2.493e-01,1.023e+03,2.500e-01,1.023e+03
attention,deepseek_v4,256x512,256,1048576,1000,2.517e+07,2.517e+07,2.517e+07,786432,786432,0.5,2.143e+15,8.791e+18,3.037e+12,2.146e+15,2.149e+15,8.795e+18,8.595e+15,8.588e+15,8.595e+15,0.000e+00,3.434e+16,2.575e+16,2.493e-01,1.023e+03,2.500e-01,1.023e+03
attention,deepseek_v4,256x512,256,1048576,1000,2.726e+07,2.726e+07,2.726e+07,851968,851968,0.5,2.143e+15,8.791e+18,3.023e+12,2.146e+15,2.149e+15,8.795e+18,8.595e+15,8.588e+15,8.595e+15,0.000e+00,3.434e+16,2.575e+16,2.493e-01,1.023e+03,2.500e-01,1.023e+03
attention,deepseek_v4,256x512,256,1048576,1000,2.936e+07,2.936e+07,2.936e+07,917504,917504,0.5,2.143e+15,8.791e+18,3.009e+12,2.146e+15,2.149e+15,8.795e+18,8.595e+15,8.588e+15,8.595e+15,0.000e+00,3.434e+16,2.575e+16,2.493e-01,1.023e+03,2.500e-01,1.023e+03
attention,deepseek_v4,256x512,256,1048576,1000,3.146e+07,3.146e+07,3.146e+07,983040,983040,0.5,2.143e+15,8.791e+18,2.994e+12,2.146e+15,2.149e+15,8.795e+18,8.595e+15,8.588e+15,8.595e+15,0.000e+00,3.434e+16,2.575e+16,2.493e-01,1.023e+03,2.500e-01,1.023e+03
attention,deepseek_v4,256x512,256,1048576,1000,3.355e+07,3.355e+07,3.355e+07,1048576,1048576,0.5,2.143e+15,8.791e+18,2.980e+12,2.145e+15,2.148e+15,8.795e+18,8.595e+15,8.588e+15,8.595e+15,0.000e+00,3.434e+16,2.575e+16,2.493e-01,1.023e+03,2.500e-01,1.023e+03
attention,deepseek_v4,256x512,256,1048576,1000,3.565e+07,3.565e+07,3.565e+07,1114112,1114112,0.5,2.143e+15,8.791e+18,2.966e+12,2.145e+15,2.148e+15,8.795e+18,8.595e+15,8.588e+15,8.595e+15,0.000e+00,3.434e+16,2.575e+16,2.493e-01,1.023e+03,2.500e-01,1.023e+03
attention,deepseek_v4,256x512,256,1048576,1000,3.775e+07,3.775e+07,3.775e+07,1179648,1179648,0.5,2.143e+15,8.791e+18,2.952e+12,2.145e+15,2.148e+15,8.795e+18,8.595e+15,8.588e+15,8.595e+15,0.000e+00,3.434e+16,2.575e+16,2.493e-01,1.023e+03,2.500e-01,1.023e+03
attention,deepseek_v4,256x512,256,1048576,1000,3.985e+07,3.985e+07,3.985e+07,1245184,1245184,0.5,2.143e+15,8.791e+18,2.937e+12,2.145e+15,2.148e+15,8.795e+18,8.595e+15,8.588e+15,8.595e+15,0.000e+00,3.434e+16,2.575e+16,2.493e-01,1.023e+03,2.500e-01,1.023e+03
attention,deepseek_v4,256x512,256,1048576,1000,4.194e+07,4.194e+07,4.194e+07,1310720,1310720,0.5,2.143e+15,8.791e+18,2.923e+12,2.145e+15,2.148e+15,8.795e+18,8.595e+15,8.588e+15,8.595e+15,0.000e+00,3.434e+16,2.575e+16,2.493e-01,1.023e+03,2.500e-01,1.023e+03
attention,deepseek_v4,256x512,256,1048576,1000,4.404e+07,4.404e+07,4.404e+07,1376256,1376256,0.5,2.143e+15,8.791e+18,2.909e+12,2.145e+15,2.148e+15,8.795e+18,8.595e+15,8.588e+15,8.595e+15,0.000e+00,3.434e+16,2.575e+16,2.493e-01,1.023e+03,2.500e-01,1.023e+03
attention,deepseek_v4,256x512,256,1048576,1000,4.614e+07,4.614e+07,4.614e+07,1441792,1441792,0.5,2.143e+15,8.791e+18,2.894e+12,2.145e+15,2.148e+15,8.795e+18,8.595e+15,8.588e+15,8.595e+15,0.000e+00,3.434e+16,2.575e+16,2.493e-01,1.023e+03,2.500e-01,1.023e+03
attention,deepseek_v4,256x512,256,1048576,1000,4.823e+07,4.823e+07,4.823e+07,1507328,1507328,0.5,2.143e+15,8.791e+18,2.880e+12,2.145e+15,2.148e+15,8.795e+18,8.595e+15,8.588e+15,8.595e+15,0.000e+00,3.434e+16,2.575e+16,2.493e-01,1.023e+03,2.500e-01,1.023e+03
attention,deepseek_v4,256x512,256,1048576,1000,5.033e+07,5.033e+07,5.033e+07,1572864,1572864,0.5,2.143e+15,8.791e+18,2.866e+12,2.145e+15,2.148e+15,8.795e+18,8.595e+15,8.588e+15,8.595e+15,0.000e+00,3.434e+16,2.575e+16,2.493e-01,1.023e+03,2.500e-01,1.023e+03
attention,deepseek_v4,256x512,256,1048576,1000,5.243e+07,5.243e+07,5.243e+07,1638400,1638400,0.5,2.143e+15,8.791e+18,2.851e+12,2.145e+15,2.148e+15,8.795e+18,8.595e+15,8.588e+15,8.595e+15,0.000e+00,3.434e+16,2.575e+16,2.493e-01,1.023e+03,2.499e-01,1.023e+03
attention,deepseek_v4,256x512,256,1048576,1000,5.453e+07,5.453e+07,5.453e+07,1703936,1703936,0.5,2.143e+15,8.791e+18,2.837e+12,2.145e+15,2.148e+15,8.795e+18,8.595e+15,8.588e+15,8.595e+15,0.000e+00,3.434e+16,2.575e+16,2.493e-01,1.023e+03,2.499e-01,1.023e+03
attention,deepseek_v4,256x512,256,1048576,1000,5.662e+07,5.662e+07,5.662e+07,1769472,1769472,0.5,2.143e+15,8.791e+18,2.823e+12,2.145e+15,2.148e+15,8.795e+18,8.595e+15,8.588e+15,8.595e+15,0.000e+00,3.434e+16,2.575e+16,2.493e-01,1.023e+03,2.499e-01,1.023e+03
attention,deepseek_v4,256x512,256,1048576,1000,5.872e+07,5.872e+07,5.872e+07,1835008,1835008,0.5,2.143e+15,8.791e+18,2.808e+12,2.145e+15,2.148e+15,8.795e+18,8.595e+15,8.588e+15,8.595e+15,0.000e+00,3.434e+16,2.575e+16,2.493e-01,1.023e+03,2.499e-01,1.023e+03
attention,deepseek_v4,256x512,256,1048576,1000,6.082e+07,6.082e+07,6.082e+07,1900544,1900544,0.5,2.143e+15,8.791e+18,2.794e+12,2.145e+15,2.148e+15,8.795e+18,8.595e+15,8.588e+15,8.595e+15,0.000e+00,3.434e+16,2.575e+16,2.493e-01,1.023e+03,2.499e-01,1.023e+03
attention,deepseek_v4,256x512,256,1048576,1000,6.291e+07,6.291e+07,6.291e+07,1966080,1966080,0.5,2.143e+15,8.791e+18,2.780e+12,2.145e+15,2.148e+15,8.795e+18,8.595e+15,8.588e+15,8.595e+15,0.000e+00,3.434e+16,2.575e+16,2.493e-01,1.023e+03,2.499e-01,1.023e+03
attention,deepseek_v4,256x512,256,1048576,1000,6.501e+07,6.501e+07,6.501e+07,2031616,2031616,0.5,2.143e+15,8.791e+18,2.765e+12,2.145e+15,2.148e+15,8.795e+18,8.595e+15,8.588e+15,8.595e+15,0.000e+00,3.434e+16,2.575e+16,2.493e-01,1.023e+03,2.499e-01,1.023e+03
attention,deepseek_v4,256x512,256,1048576,1000,6.711e+07,6.711e+07,6.711e+07,2097152,2097152,0.5,2.143e+15,8.791e+18,2.751e+12,2.145e+15,2.148e+15,8.795e+18,8.595e+15,8.588e+15,8.595e+15,0.000e+00,3.434e+16,2.575e+16,2.493e-01,1.023e+03,2.499e-01,1.023e+03
attention,deepseek_v4,256x512,256,1048576,1000,6.921e+07,6.921e+07,6.921e+07,2162688,2162688,0.5,2.143e+15,8.791e+18,2.737e+12,2.145e+15,2.148e+15,8.795e+18,8.595e+15,8.588e+15,8.595e+15,0.000e+00,3.434e+16,2.575e+16,2.493e-01,1.023e+03,2.499e-01,1.023e+03
attention,deepseek_v4,256x512,256,1048576,1000,7.130e+07,7.130e+07,7.130e+07,2228224,2228224,0.5,2.143e+15,8.791e+18,2.722e+12,2.145e+15,2.148e+15,8.795e+18,8.595e+15,8.588e+15,8.595e+15,0.000e+00,3.434e+16,2.575e+16,2.493e-01,1.023e+03,2.499e-01,1.023e+03
attention,deepseek_v4,256x512,256,1048576,1000,7.340e+07,7.340e+07,7.340e+07,2293760,2293760,0.5,2.143e+15,8.791e+18,2.708e+12,2.145e+15,2.148e+15,8.795e+18,8.595e+15,8.588e+15,8.595e+15,0.000e+00,3.434e+16,2.575e+16,2.493e-01,1.023e+03,2.499e-01,1.023e+03
attention,deepseek_v4,256x512,256,1048576,1000,7.550e+07,7.550e+07,7.550e+07,2359296,2359296,0.5,2.143e+15,8.791e+18,2.694e+12,2.145e+15,2.148e+15,8.795e+18,8.595e+15,8.588e+15,8.595e+15,0.000e+00,3.434e+16,2.575e+16,2.493e-01,1.023e+03,2.499e-01,1.023e+03
attention,deepseek_v4,256x512,256,1048576,1000,7.759e+07,7.759e+07,7.759e+07,2424832,2424832,0.5,2.143e+15,8.791e+18,2.679e+12,2.145e+15,2.148e+15,8.795e+18,8.595e+15,8.588e+15,8.595e+15,0.000e+00,3.434e+16,2.575e+16,2.493e-01,1.023e+03,2.499e-01,1.023e+03
attention,deepseek_v4,256x512,256,1048576,1000,7.969e+07,7.969e+07,7.969e+07,2490368,2490368,0.5,2.143e+15,8.791e+18,2.665e+12,2.145e+15,2.148e+15,8.795e+18,8.595e+15,8.588e+15,8.595e+15,0.000e+00,3.434e+16,2.575e+16,2.493e-01,1.023e+03,2.499e-01,1.023e+03
attention,deepseek_v4,256x512,256,1048576,1000,8.179e+07,8.179e+07,8.179e+07,2555904,2555904,0.5,2.143e+15,8.791e+18,2.651e+12,2.145e+15,2.148e+15,8.795e+18,8.595e+15,8.588e+15,8.595e+15,0.000e+00,3.434e+16,2.575e+16,2.493e-01,1.023e+03,2.499e-01,1.023e+03
attention,deepseek_v4,256x512,256,1048576,1000,8.389e+07,8.389e+07,8.389e+07,2621440,2621440,0.5,2.143e+15,8.791e+18,2.636e+12,2.145e+15,2.148e+15,8.795e+18,8.595e+15,8.588e+15,8.595e+15,0.000e+00,3.434e+16,2.575e+16,2.493e-01,1.023e+03,2.499e-01,1.023e+03
proj/ffn,deepseek_v4,256x512,256,1048576,1000,1.049e+07,1.049e+07,1.049e+07,327680,327680,0.5,1.549e+16,7.421e+16,4.925e+16,5.284e+16,1.021e+17,1.918e+17,7.333e+13,7.333e+13,7.333e+13,0.000e+00,2.915e+14,2.181e+14,2.113e+02,1.012e+03,1.392e+03,2.615e+03
proj/ffn,deepseek_v4,256x512,256,1048576,1000,1.258e+07,1.258e+07,1.258e+07,393216,393216,0.5,1.064e+16,7.421e+16,4.498e+16,4.857e+16,9.356e+16,1.784e+17,7.333e+13,7.333e+13,7.333e+13,0.000e+00,2.915e+14,2.181e+14,1.451e+02,1.012e+03,1.276e+03,2.433e+03
proj/ffn,deepseek_v4,256x512,256,1048576,1000,1.468e+07,1.468e+07,1.468e+07,458752,458752,0.5,1.021e+16,7.421e+16,4.072e+16,4.431e+16,8.503e+16,1.695e+17,7.333e+13,7.333e+13,7.333e+13,0.000e+00,2.915e+14,2.181e+14,1.393e+02,1.012e+03,1.160e+03,2.311e+03
proj/ffn,deepseek_v4,256x512,256,1048576,1000,1.678e+07,1.678e+07,1.678e+07,524288,524288,0.5,9.154e+15,7.421e+16,3.646e+16,4.005e+16,7.651e+16,1.599e+17,7.333e+13,7.333e+13,7.333e+13,0.000e+00,2.915e+14,2.181e+14,1.248e+02,1.012e+03,1.043e+03,2.180e+03
proj/ffn,deepseek_v4,256x512,256,1048576,1000,1.887e+07,1.887e+07,1.887e+07,589824,589824,0.5,8.803e+15,7.421e+16,3.220e+16,3.579e+16,6.798e+16,1.510e+17,7.333e+13,7.333e+13,7.333e+13,0.000e+00,2.915e+14,2.181e+14,1.200e+02,1.012e+03,9.271e+02,2.059e+03
proj/ffn,deepseek_v4,256x512,256,1048576,1000,2.097e+07,2.097e+07,2.097e+07,655360,655360,0.5,7.999e+15,7.421e+16,2.793e+16,3.152e+16,5.946e+16,1.417e+17,7.333e+13,7.333e+13,7.333e+13,0.000e+00,2.915e+14,2.181e+14,1.091e+02,1.012e+03,8.108e+02,1.932e+03
proj/ffn,deepseek_v4,256x512,256,1048576,1000,2.307e+07,2.307e+07,2.307e+07,720896,720896,0.5,7.725e+15,7.421e+16,2.367e+16,2.726e+16,5.093e+16,1.329e+17,7.333e+13,7.333e+13,7.333e+13,0.000e+00,2.915e+14,2.181e+14,1.053e+02,1.012e+03,6.946e+02,1.812e+03
proj/ffn,deepseek_v4,256x512,256,1048576,1000,2.517e+07,2.517e+07,2.517e+07,786432,786432,0.5,5.557e+15,7.421e+16,1.941e+16,2.300e+16,4.241e+16,1.222e+17,7.333e+13,7.333e+13,7.333e+13,0.000e+00,2.915e+14,2.181e+14,7.578e+01,1.012e+03,5.783e+02,1.666e+03
proj/ffn,deepseek_v4,256x512,256,1048576,1000,2.726e+07,2.726e+07,2.726e+07,851968,851968,0.5,5.518e+15,7.421e+16,1.831e+16,2.190e+16,4.021e+16,1.199e+17,7.333e+13,7.333e+13,7.333e+13,0.000e+00,2.915e+14,2.181e+14,7.525e+01,1.012e+03,5.483e+02,1.635e+03
proj/ffn,deepseek_v4,256x512,256,1048576,1000,2.936e+07,2.936e+07,2.936e+07,917504,917504,0.5,5.232e+15,7.421e+16,1.721e+16,2.080e+16,3.801e+16,1.174e+17,7.333e+13,7.333e+13,7.333e+13,0.000e+00,2.915e+14,2.181e+14,7.134e+01,1.012e+03,5.183e+02,1.602e+03
proj/ffn,deepseek_v4,256x512,256,1048576,1000,3.146e+07,3.146e+07,3.146e+07,983040,983040,0.5,5.210e+15,7.421e+16,1.611e+16,1.970e+16,3.581e+16,1.152e+17,7.333e+13,7.333e+13,7.333e+13,0.000e+00,2.915e+14,2.181e+14,7.105e+01,1.012e+03,4.883e+02,1.571e+03
proj/ffn,deepseek_v4,256x512,256,1048576,1000,3.355e+07,3.355e+07,3.355e+07,1048576,1048576,0.5,5.180e+15,7.421e+16,1.501e+16,1.860e+16,3.361e+16,1.130e+17,7.333e+13,7.333e+13,7.333e+13,0.000e+00,2.915e+14,2.181e+14,7.064e+01,1.012e+03,4.583e+02,1.541e+03
proj/ffn,deepseek_v4,256x512,256,1048576,1000,3.565e+07,3.565e+07,3.565e+07,1114112,1114112,0.5,5.159e+15,7.421e+16,1.391e+16,1.750e+16,3.141e+16,1.108e+17,7.333e+13,7.333e+13,7.333e+13,0.000e+00,2.915e+14,2.181e+14,7.035e+01,1.012e+03,4.283e+02,1.511e+03
proj/ffn,deepseek_v4,256x512,256,1048576,1000,3.775e+07,3.775e+07,3.775e+07,1179648,1179648,0.5,5.134e+15,7.421e+16,1.281e+16,1.640e+16,2.921e+16,1.085e+17,7.333e+13,7.333e+13,7.333e+13,0.000e+00,2.915e+14,2.181e+14,7.001e+01,1.012e+03,3.983e+02,1.480e+03
proj/ffn,deepseek_v4,256x512,256,1048576,1000,3.985e+07,3.985e+07,3.985e+07,1245184,1245184,0.5,5.113e+15,7.420e+16,1.171e+16,1.530e+16,2.701e+16,1.063e+17,7.333e+13,7.333e+13,7.333e+13,0.000e+00,2.915e+14,2.181e+14,6.973e+01,1.012e+03,3.683e+02,1.450e+03
proj/ffn,deepseek_v4,256x512,256,1048576,1000,4.194e+07,4.194e+07,4.194e+07,1310720,1310720,0.5,5.089e+15,7.420e+16,1.061e+16,1.420e+16,2.481e+16,1.041e+17,7.333e+13,7.333e+13,7.333e+13,0.000e+00,2.915e+14,2.181e+14,6.941e+01,1.012e+03,3.383e+02,1.420e+03
proj/ffn,deepseek_v4,256x512,256,1048576,1000,4.404e+07,4.404e+07,4.404e+07,1376256,1376256,0.5,5.069e+15,7.420e+16,9.510e+15,1.310e+16,2.261e+16,1.019e+17,7.333e+13,7.333e+13,7.333e+13,0.000e+00,2.915e+14,2.181e+14,6.913e+01,1.012e+03,3.083e+02,1.389e+03
proj/ffn,deepseek_v4,256x512,256,1048576,1000,4.614e+07,4.614e+07,4.614e+07,1441792,1441792,0.5,5.047e+15,7.420e+16,8.410e+15,1.200e+16,2.041e+16,9.966e+16,7.333e+13,7.333e+13,7.333e+13,0.000e+00,2.915e+14,2.181e+14,6.882e+01,1.012e+03,2.783e+02,1.359e+03
proj/ffn,deepseek_v4,256x512,256,1048576,1000,4.823e+07,4.823e+07,4.823e+07,1507328,1507328,0.5,5.027e+15,7.420e+16,7.310e+15,1.090e+16,1.821e+16,9.744e+16,7.333e+13,7.333e+13,7.333e+13,0.000e+00,2.915e+14,2.181e+14,6.855e+01,1.012e+03,2.483e+02,1.329e+03
proj/ffn,deepseek_v4,256x512,256,1048576,1000,5.033e+07,5.033e+07,5.033e+07,1572864,1572864,0.5,5.007e+15,7.420e+16,6.210e+15,9.799e+15,1.601e+16,9.522e+16,7.333e+13,7.333e+13,7.333e+13,0.000e+00,2.915e+14,2.181e+14,6.828e+01,1.012e+03,2.183e+02,1.299e+03
proj/ffn,deepseek_v4,256x512,256,1048576,1000,5.243e+07,5.243e+07,5.243e+07,1638400,1638400,0.5,4.987e+15,7.420e+16,5.110e+15,8.700e+15,1.381e+16,9.300e+16,7.333e+13,7.333e+13,7.333e+13,0.000e+00,2.915e+14,2.181e+14,6.801e+01,1.012e+03,1.883e+02,1.268e+03
proj/ffn,deepseek_v4,256x512,256,1048576,1000,5.453e+07,5.453e+07,5.453e+07,1703936,1703936,0.5,4.967e+15,7.420e+16,4.011e+15,7.600e+15,1.161e+16,9.078e+16,7.333e+13,7.333e+13,7.333e+13,0.000e+00,2.915e+14,2.181e+14,6.773e+01,1.012e+03,1.583e+02,1.238e+03
proj/ffn,deepseek_v4,256x512,256,1048576,1000,5.662e+07,5.662e+07,5.662e+07,1769472,1769472,0.5,4.947e+15,7.420e+16,2.911e+15,6.500e+15,9.411e+15,8.856e+16,7.333e+13,7.333e+13,7.333e+13,0.000e+00,2.915e+14,2.181e+14,6.747e+01,1.012e+03,1.283e+02,1.208e+03
proj/ffn,deepseek_v4,256x512,256,1048576,1000,5.872e+07,5.872e+07,5.872e+07,1835008,1835008,0.5,4.927e+15,7.420e+16,1.811e+15,5.400e+15,7.211e+15,8.634e+16,7.333e+13,7.333e+13,7.333e+13,0.000e+00,2.915e+14,2.181e+14,6.719e+01,1.012e+03,9.834e+01,1.177e+03
proj/ffn,deepseek_v4,256x512,256,1048576,1000,6.082e+07,6.082e+07,6.082e+07,1900544,1900544,0.5,4.927e+15,7.420e+16,1.807e+15,5.396e+15,7.203e+15,8.633e+16,7.333e+13,7.333e+13,7.333e+13,0.000e+00,2.915e+14,2.181e+14,6.719e+01,1.012e+03,9.823e+01,1.177e+03
proj/ffn,deepseek_v4,256x512,256,1048576,1000,6.291e+07,6.291e+07,6.291e+07,1966080,1966080,0.5,4.927e+15,7.420e+16,1.803e+15,5.393e+15,7.196e+15,8.633e+16,7.333e+13,7.333e+13,7.333e+13,0.000e+00,2.915e+14,2.181e+14,6.719e+01,1.012e+03,9.813e+01,1.177e+03
proj/ffn,deepseek_v4,256x512,256,1048576,1000,6.501e+07,6.501e+07,6.501e+07,2031616,2031616,0.5,4.927e+15,7.420e+16,1.800e+15,5.389e+15,7.189e+15,8.632e+16,7.333e+13,7.333e+13,7.333e+13,0.000e+00,2.915e+14,2.181e+14,6.719e+01,1.012e+03,9.803e+01,1.177e+03
proj/ffn,deepseek_v4,256x512,256,1048576,1000,6.711e+07,6.711e+07,6.711e+07,2097152,2097152,0.5,4.927e+15,7.420e+16,1.796e+15,5.385e+15,7.181e+15,8.631e+16,7.333e+13,7.333e+13,7.333e+13,0.000e+00,2.915e+14,2.181e+14,6.719e+01,1.012e+03,9.793e+01,1.177e+03
proj/ffn,deepseek_v4,256x512,256,1048576,1000,6.921e+07,6.921e+07,6.921e+07,2162688,2162688,0.5,4.927e+15,7.420e+16,1.792e+15,5.381e+15,7.174e+15,8.630e+16,7.333e+13,7.333e+13,7.333e+13,0.000e+00,2.915e+14,2.181e+14,6.719e+01,1.012e+03,9.783e+01,1.177e+03
proj/ffn,deepseek_v4,256x512,256,1048576,1000,7.130e+07,7.130e+07,7.130e+07,2228224,2228224,0.5,4.927e+15,7.420e+16,1.789e+15,5.378e+15,7.166e+15,8.630e+16,7.333e+13,7.333e+13,7.333e+13,0.000e+00,2.915e+14,2.181e+14,6.719e+01,1.012e+03,9.773e+01,1.177e+03
proj/ffn,deepseek_v4,256x512,256,1048576,1000,7.340e+07,7.340e+07,7.340e+07,2293760,2293760,0.5,4.927e+15,7.420e+16,1.785e+15,5.374e+15,7.159e+15,8.629e+16,7.333e+13,7.333e+13,7.333e+13,0.000e+00,2.915e+14,2.181e+14,6.719e+01,1.012e+03,9.763e+01,1.177e+03
proj/ffn,deepseek_v4,256x512,256,1048576,1000,7.550e+07,7.550e+07,7.550e+07,2359296,2359296,0.5,4.927e+15,7.420e+16,1.781e+15,5.370e+15,7.152e+15,8.628e+16,7.333e+13,7.333e+13,7.333e+13,0.000e+00,2.915e+14,2.181e+14,6.719e+01,1.012e+03,9.753e+01,1.177e+03
proj/ffn,deepseek_v4,256x512,256,1048576,1000,7.759e+07,7.759e+07,7.759e+07,2424832,2424832,0.5,4.927e+15,7.420e+16,1.778e+15,5.367e+15,7.144e+15,8.627e+16,7.333e+13,7.333e+13,7.333e+13,0.000e+00,2.915e+14,2.181e+14,6.719e+01,1.012e+03,9.743e+01,1.177e+03
proj/ffn,deepseek_v4,256x512,256,1048576,1000,7.969e+07,7.969e+07,7.969e+07,2490368,2490368,0.5,4.927e+15,7.420e+16,1.774e+15,5.363e+15,7.137e+15,8.627e+16,7.333e+13,7.333e+13,7.333e+13,0.000e+00,2.915e+14,2.181e+14,6.719e+01,1.012e+03,9.732e+01,1.176e+03
proj/ffn,deepseek_v4,256x512,256,1048576,1000,8.179e+07,8.179e+07,8.179e+07,2555904,2555904,0.5,4.927e+15,7.420e+16,1.770e+15,5.359e+15,7.129e+15,8.626e+16,7.333e+13,7.333e+13,7.333e+13,0.000e+00,2.915e+14,2.181e+14,6.719e+01,1.012e+03,9.722e+01,1.176e+03
proj/ffn,deepseek_v4,256x512,256,1048576,1000,8.389e+07,8.389e+07,8.389e+07,2621440,2621440,0.5,4.927e+15,7.420e+16,1.766e+15,5.356e+15,7.122e+15,8.625e+16,7.333e+13,7.333e+13,7.333e+13,0.000e+00,2.915e+14,2.181e+14,6.719e+01,1.012e+03,9.712e+01,1.176e+03
attention,llama_3_1_405b,32x512,512,131072,1000,1.049e+07,1.049e+07,1.049e+07,327680,327680,0.5,2.771e+14,2.269e+18,2.514e+14,5.285e+14,7.800e+14,2.270e+18,5.553e+15,3.325e+15,5.553e+15,0.000e+00,8.865e+15,3.315e+15,4.990e-02,4.087e+02,1.405e-01,4.089e+02
attention,llama_3_1_405b,32x512,512,131072,1000,1.258e+07,1.258e+07,1.258e+07,393216,393216,0.5,2.771e+14,2.269e+18,2.472e+14,5.243e+14,7.714e+14,2.270e+18,5.553e+15,3.325e+15,5.553e+15,0.000e+00,8.865e+15,3.315e+15,4.990e-02,4.087e+02,1.389e-01,4.089e+02
attention,llama_3_1_405b,32x512,512,131072,1000,1.468e+07,1.468e+07,1.468e+07,458752,458752,0.5,2.771e+14,2.269e+18,2.429e+14,5.200e+14,7.629e+14,2.270e+18,5.553e+15,3.325e+15,5.553e+15,0.000e+00,8.865e+15,3.315e+15,4.990e-02,4.087e+02,1.374e-01,4.089e+02
attention,llama_3_1_405b,32x512,512,131072,1000,1.678e+07,1.678e+07,1.678e+07,524288,524288,0.5,2.771e+14,2.269e+18,2.387e+14,5.157e+14,7.544e+14,2.270e+18,5.553e+15,3.325e+15,5.553e+15,0.000e+00,8.865e+15,3.315e+15,4.990e-02,4.087e+02,1.359e-01,4.089e+02
attention,llama_3_1_405b,32x512,512,131072,1000,1.887e+07,1.887e+07,1.887e+07,589824,589824,0.5,2.771e+14,2.269e+18,2.344e+14,5.115e+14,7.459e+14,2.270e+18,5.553e+15,3.325e+15,5.553e+15,0.000e+00,8.865e+15,3.315e+15,4.990e-02,4.087e+02,1.343e-01,4.089e+02
attention,llama_3_1_405b,32x512,512,131072,1000,2.097e+07,2.097e+07,2.097e+07,655360,655360,0.5,2.771e+14,2.269e+18,2.301e+14,5.072e+14,7.373e+14,2.270e+18,5.553e+15,3.325e+15,5.553e+15,0.000e+00,8.865e+15,3.315e+15,4.990e-02,4.087e+02,1.328e-01,4.089e+02
attention,llama_3_1_405b,32x512,512,131072,1000,2.307e+07,2.307e+07,2.307e+07,720896,720896,0.5,2.771e+14,2.269e+18,2.259e+14,5.029e+14,7.288e+14,2.270e+18,5.553e+15,3.325e+15,5.553e+15,0.000e+00,8.865e+15,3.315e+15,4.990e-02,4.087e+02,1.313e-01,4.089e+02
attention,llama_3_1_405b,32x512,512,131072,1000,2.517e+07,2.517e+07,2.517e+07,786432,786432,0.5,2.771e+14,2.269e+18,2.216e+14,4.987e+14,7.203e+14,2.270e+18,5.553e+15,3.325e+15,5.553e+15,0.000e+00,8.865e+15,3.315e+15,4.990e-02,4.087e+02,1.297e-01,4.088e+02
attention,llama_3_1_405b,32x512,512,131072,1000,2.726e+07,2.726e+07,2.726e+07,851968,851968,0.5,2.771e+14,2.269e+18,2.173e+14,4.944e+14,7.118e+14,2.270e+18,5.553e+15,3.325e+15,5.553e+15,0.000e+00,8.865e+15,3.315e+15,4.990e-02,4.087e+02,1.282e-01,4.089e+02
attention,llama_3_1_405b,32x512,512,131072,1000,2.936e+07,2.936e+07,2.936e+07,917504,917504,0.5,2.771e+14,2.269e+18,2.131e+14,4.902e+14,7.032e+14,2.270e+18,5.553e+15,3.325e+15,5.553e+15,0.000e+00,8.865e+15,3.315e+15,4.990e-02,4.087e+02,1.266e-01,4.088e+02
attention,llama_3_1_405b,32x512,512,131072,1000,3.146e+07,3.146e+07,3.146e+07,983040,983040,0.5,2.771e+14,2.269e+18,2.088e+14,4.859e+14,6.947e+14,2.270e+18,5.553e+15,3.325e+15,5.553e+15,0.000e+00,8.865e+15,3.315e+15,4.990e-02,4.087e+02,1.251e-01,4.088e+02
attention,llama_3_1_405b,32x512,512,131072,1000,3.355e+07,3.355e+07,3.355e+07,1048576,1048576,0.5,2.771e+14,2.269e+18,2.046e+14,4.816e+14,6.862e+14,2.270e+18,5.553e+15,3.325e+15,5.553e+15,0.000e+00,8.865e+15,3.315e+15,4.990e-02,4.087e+02,1.236e-01,4.089e+02
attention,llama_3_1_405b,32x512,512,131072,1000,3.565e+07,3.565e+07,3.565e+07,1114112,1114112,0.5,2.771e+14,2.269e+18,2.003e+14,4.774e+14,6.777e+14,2.270e+18,5.553e+15,3.325e+15,5.553e+15,0.000e+00,8.865e+15,3.315e+15,4.990e-02,4.087e+02,1.220e-01,4.088e+02
attention,llama_3_1_405b,32x512,512,131072,1000,3.775e+07,3.775e+07,3.775e+07,1179648,1179648,0.5,2.771e+14,2.269e+18,1.960e+14,4.731e+14,6.692e+14,2.270e+18,5.553e+15,3.325e+15,5.553e+15,0.000e+00,8.865e+15,3.315e+15,4.990e-02,4.087e+02,1.205e-01,4.088e+02
attention,llama_3_1_405b,32x512,512,131072,1000,3.985e+07,3.985e+07,3.985e+07,1245184,1245184,0.5,2.771e+14,2.269e+18,1.918e+14,4.689e+14,6.606e+14,2.270e+18,5.553e+15,3.325e+15,5.553e+15,0.000e+00,8.865e+15,3.315e+15,4.990e-02,4.087e+02,1.190e-01,4.088e+02
attention,llama_3_1_405b,32x512,512,131072,1000,4.194e+07,4.194e+07,4.194e+07,1310720,1310720,0.5,2.771e+14,2.269e+18,1.875e+14,4.646e+14,6.521e+14,2.270e+18,5.553e+15,3.325e+15,5.553e+15,0.000e+00,8.865e+15,3.315e+15,4.990e-02,4.087e+02,1.174e-01,4.088e+02
attention,llama_3_1_405b,32x512,512,131072,1000,4.404e+07,4.404e+07,4.404e+07,1376256,1376256,0.5,2.771e+14,2.269e+18,1.833e+14,4.603e+14,6.436e+14,2.270e+18,5.553e+15,3.325e+15,5.553e+15,0.000e+00,8.865e+15,3.315e+15,4.990e-02,4.087e+02,1.159e-01,4.088e+02
attention,llama_3_1_405b,32x512,512,131072,1000,4.614e+07,4.614e+07,4.614e+07,1441792,1441792,0.5,2.771e+14,2.269e+18,1.790e+14,4.561e+14,6.351e+14,2.270e+18,5.553e+15,3.325e+15,5.553e+15,0.000e+00,8.865e+15,3.315e+15,4.990e-02,4.087e+02,1.144e-01,4.088e+02
attention,llama_3_1_405b,32x512,512,131072,1000,4.823e+07,4.823e+07,4.823e+07,1507328,1507328,0.5,2.771e+14,2.269e+18,1.747e+14,4.518e+14,6.265e+14,2.270e+18,5.553e+15,3.325e+15,5.553e+15,0.000e+00,8.865e+15,3.315e+15,4.990e-02,4.087e+02,1.128e-01,4.088e+02
attention,llama_3_1_405b,32x512,512,131072,1000,5.033e+07,5.033e+07,5.033e+07,1572864,1572864,0.5,2.771e+14,2.269e+18,1.705e+14,4.475e+14,6.180e+14,2.270e+18,5.553e+15,3.325e+15,5.553e+15,0.000e+00,8.865e+15,3.315e+15,4.990e-02,4.087e+02,1.113e-01,4.088e+02
attention,llama_3_1_405b,32x512,512,131072,1000,5.243e+07,5.243e+07,5.243e+07,1638400,1638400,0.5,2.771e+14,2.269e+18,1.662e+14,4.433e+14,6.095e+14,2.270e+18,5.553e+15,3.325e+15,5.553e+15,0.000e+00,8.865e+15,3.315e+15,4.990e-02,4.087e+02,1.098e-01,4.088e+02
attention,llama_3_1_405b,32x512,512,131072,1000,5.453e+07,5.453e+07,5.453e+07,1703936,1703936,0.5,2.771e+14,2.269e+18,1.619e+14,4.390e+14,6.010e+14,2.270e+18,5.553e+15,3.325e+15,5.553e+15,0.000e+00,8.865e+15,3.315e+15,4.990e-02,4.087e+02,1.082e-01,4.088e+02
attention,llama_3_1_405b,32x512,512,131072,1000,5.662e+07,5.662e+07,5.662e+07,1769472,1769472,0.5,2.771e+14,2.269e+18,1.577e+14,4.348e+14,5.924e+14,2.270e+18,5.553e+15,3.325e+15,5.553e+15,0.000e+00,8.865e+15,3.315e+15,4.990e-02,4.087e+02,1.067e-01,4.088e+02
attention,llama_3_1_405b,32x512,512,131072,1000,5.872e+07,5.872e+07,5.872e+07,1835008,1835008,0.5,2.771e+14,2.269e+18,1.534e+14,4.305e+14,5.839e+14,2.270e+18,5.553e+15,3.325e+15,5.553e+15,0.000e+00,8.865e+15,3.315e+15,4.990e-02,4.087e+02,1.052e-01,4.088e+02
attention,llama_3_1_405b,32x512,512,131072,1000,6.082e+07,6.082e+07,6.082e+07,1900544,1900544,0.5,2.771e+14,2.269e+18,1.492e+14,4.262e+14,5.754e+14,2.270e+18,5.553e+15,3.325e+15,5.553e+15,0.000e+00,8.865e+15,3.315e+15,4.990e-02,4.086e+02,1.036e-01,4.088e+02
attention,llama_3_1_405b,32x512,512,131072,1000,6.291e+07,6.291e+07,6.291e+07,1966080,1966080,0.5,2.771e+14,2.269e+18,1.449e+14,4.220e+14,5.669e+14,2.270e+18,5.553e+15,3.325e+15,5.553e+15,0.000e+00,8.865e+15,3.315e+15,4.990e-02,4.086e+02,1.021e-01,4.088e+02
attention,llama_3_1_405b,32x512,512,131072,1000,6.501e+07,6.501e+07,6.501e+07,2031616,2031616,0.5,2.771e+14,2.269e+18,1.406e+14,4.177e+14,5.583e+14,2.270e+18,5.553e+15,3.325e+15,5.553e+15,0.000e+00,8.865e+15,3.315e+15,4.989e-02,4.086e+02,1.005e-01,4.088e+02
attention,llama_3_1_405b,32x512,512,131072,1000,6.711e+07,6.711e+07,6.711e+07,2097152,2097152,0.5,2.771e+14,2.269e+18,1.364e+14,4.135e+14,5.498e+14,2.270e+18,5.553e+15,3.325e+15,5.553e+15,0.000e+00,8.865e+15,3.315e+15,4.990e-02,4.087e+02,9.902e-02,4.088e+02
attention,llama_3_1_405b,32x512,512,131072,1000,6.921e+07,6.921e+07,6.921e+07,2162688,2162688,0.5,2.771e+14,2.269e+18,1.321e+14,4.092e+14,5.413e+14,2.270e+18,5.553e+15,3.325e+15,5.553e+15,0.000e+00,8.865e+15,3.315e+15,4.990e-02,4.087e+02,9.748e-02,4.088e+02
attention,llama_3_1_405b,32x512,512,131072,1000,7.130e+07,7.130e+07,7.130e+07,2228224,2228224,0.5,2.771e+14,2.269e+18,1.279e+14,4.049e+14,5.328e+14,2.270e+18,5.553e+15,3.325e+15,5.553e+15,0.000e+00,8.865e+15,3.315e+15,4.990e-02,4.087e+02,9.595e-02,4.088e+02
attention,llama_3_1_405b,32x512,512,131072,1000,7.340e+07,7.340e+07,7.340e+07,2293760,2293760,0.5,2.771e+14,2.269e+18,1.236e+14,4.007e+14,5.243e+14,2.270e+18,5.553e+15,3.325e+15,5.553e+15,0.000e+00,8.865e+15,3.315e+15,4.990e-02,4.087e+02,9.441e-02,4.088e+02
attention,llama_3_1_405b,32x512,512,131072,1000,7.550e+07,7.550e+07,7.550e+07,2359296,2359296,0.5,2.771e+14,2.269e+18,1.193e+14,3.964e+14,5.157e+14,2.270e+18,5.553e+15,3.325e+15,5.553e+15,0.000e+00,8.865e+15,3.315e+15,4.990e-02,4.087e+02,9.288e-02,4.088e+02
attention,llama_3_1_405b,32x512,512,131072,1000,7.759e+07,7.759e+07,7.759e+07,2424832,2424832,0.5,2.771e+14,2.269e+18,1.151e+14,3.921e+14,5.072e+14,2.270e+18,5.553e+15,3.325e+15,5.553e+15,0.000e+00,8.865e+15,3.315e+15,4.990e-02,4.087e+02,9.134e-02,4.088e+02
attention,llama_3_1_405b,32x512,512,131072,1000,7.969e+07,7.969e+07,7.969e+07,2490368,2490368,0.5,2.771e+14,2.269e+18,1.108e+14,3.879e+14,4.987e+14,2.270e+18,5.553e+15,3.325e+15,5.553e+15,0.000e+00,8.865e+15,3.315e+15,4.990e-02,4.087e+02,8.981e-02,4.088e+02
attention,llama_3_1_405b,32x512,512,131072,1000,8.179e+07,8.179e+07,8.179e+07,2555904,2555904,0.5,2.771e+14,2.269e+18,1.065e+14,3.836e+14,4.902e+14,2.270e+18,5.553e+15,3.325e+15,5.553e+15,0.000e+00,8.865e+15,3.315e+15,4.990e-02,4.087e+02,8.827e-02,4.088e+02
attention,llama_3_1_405b,32x512,512,131072,1000,8.389e+07,8.389e+07,8.389e+07,2621440,2621440,0.5,2.771e+14,2.269e+18,1.023e+14,3.794e+14,4.816e+14,2.270e+18,5.553e+15,3.325e+15,5.553e+15,0.000e+00,8.865e+15,3.315e+15,4.990e-02,4.087e+02,8.673e-02,4.088e+02
proj/ffn,llama_3_1_405b,32x512,512,131072,1000,1.049e+07,1.049e+07,1.049e+07,327680,327680,0.5,6.677e+15,1.043e+17,1.640e+18,1.643e+18,3.283e+18,3.394e+18,1.654e+15,1.654e+15,1.654e+15,0.000e+00,6.418e+15,4.764e+15,4.038e+00,6.305e+01,1.985e+03,2.052e+03
proj/ffn,llama_3_1_405b,32x512,512,131072,1000,1.258e+07,1.258e+07,1.258e+07,393216,393216,0.5,6.117e+15,1.043e+17,1.630e+18,1.633e+18,3.263e+18,3.374e+18,1.654e+15,1.654e+15,1.654e+15,0.000e+00,6.379e+15,4.725e+15,3.699e+00,6.304e+01,1.973e+03,2.040e+03
proj/ffn,llama_3_1_405b,32x512,512,131072,1000,1.468e+07,1.468e+07,1.468e+07,458752,458752,0.5,5.565e+15,1.042e+17,1.620e+18,1.623e+18,3.243e+18,3.353e+18,1.654e+15,1.654e+15,1.654e+15,0.000e+00,6.339e+15,4.694e+15,3.365e+00,6.303e+01,1.961e+03,2.027e+03
proj/ffn,llama_3_1_405b,32x512,512,131072,1000,1.678e+07,1.678e+07,1.678e+07,524288,524288,0.5,4.140e+15,1.042e+17,1.610e+18,1.613e+18,3.223e+18,3.331e+18,1.654e+15,1.654e+15,1.654e+15,0.000e+00,6.304e+15,4.663e+15,2.503e+00,6.303e+01,1.949e+03,2.014e+03
proj/ffn,llama_3_1_405b,32x512,512,131072,1000,1.887e+07,1.887e+07,1.887e+07,589824,589824,0.5,3.609e+15,1.042e+17,1.602e+18,1.605e+18,3.207e+18,3.315e+18,1.654e+15,1.654e+15,1.654e+15,0.000e+00,6.273e+15,4.632e+15,2.182e+00,6.303e+01,1.939e+03,2.004e+03
proj/ffn,llama_3_1_405b,32x512,512,131072,1000,2.097e+07,2.097e+07,2.097e+07,655360,655360,0.5,3.600e+15,1.042e+17,1.594e+18,1.597e+18,3.191e+18,3.299e+18,1.654e+15,1.654e+15,1.654e+15,0.000e+00,6.242e+15,4.601e+15,2.177e+00,6.302e+01,1.930e+03,1.995e+03
proj/ffn,llama_3_1_405b,32x512,512,131072,1000,2.307e+07,2.307e+07,2.307e+07,720896,720896,0.5,3.590e+15,1.042e+17,1.586e+18,1.589e+18,3.175e+18,3.283e+18,1.654e+15,1.654e+15,1.654e+15,0.000e+00,6.211e+15,4.570e+15,2.171e+00,6.302e+01,1.920e+03,1.985e+03
proj/ffn,llama_3_1_405b,32x512,512,131072,1000,2.517e+07,2.517e+07,2.517e+07,786432,786432,0.5,3.581e+15,1.042e+17,1.578e+18,1.581e+18,3.160e+18,3.267e+18,1.654e+15,1.654e+15,1.654e+15,0.000e+00,6.180e+15,4.539e+15,2.165e+00,6.302e+01,1.911e+03,1.976e+03
proj/ffn,llama_3_1_405b,32x512,512,131072,1000,2.726e+07,2.726e+07,2.726e+07,851968,851968,0.5,3.072e+15,1.042e+17,1.571e+18,1.573e+18,3.144e+18,3.251e+18,1.654e+15,1.654e+15,1.654e+15,0.000e+00,6.150e+15,4.508e+15,1.857e+00,6.302e+01,1.901e+03,1.966e+03
proj/ffn,llama_3_1_405b,32x512,512,131072,1000,2.936e+07,2.936e+07,2.936e+07,917504,917504,0.5,3.067e+15,1.042e+17,1.563e+18,1.565e+18,3.128e+18,3.235e+18,1.654e+15,1.654e+15,1.654e+15,0.000e+00,6.119e+15,4.478e+15,1.855e+00,6.302e+01,1.891e+03,1.956e+03
proj/ffn,llama_3_1_405b,32x512,512,131072,1000,3.146e+07,3.146e+07,3.146e+07,983040,983040,0.5,3.063e+15,1.042e+17,1.555e+18,1.557e+18,3.112e+18,3.219e+18,1.654e+15,1.654e+15,1.654e+15,0.000e+00,6.088e+15,4.447e+15,1.852e+00,6.301e+01,1.882e+03,1.947e+03
proj/ffn,llama_3_1_405b,32x512,512,131072,1000,3.355e+07,3.355e+07,3.355e+07,1048576,1048576,0.5,3.057e+15,1.042e+17,1.547e+18,1.549e+18,3.096e+18,3.204e+18,1.654e+15,1.654e+15,1.654e+15,0.000e+00,6.057e+15,4.416e+15,1.848e+00,6.301e+01,1.872e+03,1.937e+03
proj/ffn,llama_3_1_405b,32x512,512,131072,1000,3.565e+07,3.565e+07,3.565e+07,1114112,1114112,0.5,3.053e+15,1.042e+17,1.539e+18,1.542e+18,3.080e+18,3.188e+18,1.654e+15,1.654e+15,1.654e+15,0.000e+00,6.026e+15,4.385e+15,1.846e+00,6.301e+01,1.863e+03,1.928e+03
proj/ffn,llama_3_1_405b,32x512,512,131072,1000,3.775e+07,3.775e+07,3.775e+07,1179648,1179648,0.5,3.048e+15,1.042e+17,1.531e+18,1.534e+18,3.065e+18,3.172e+18,1.654e+15,1.654e+15,1.654e+15,0.000e+00,5.995e+15,4.354e+15,1.843e+00,6.301e+01,1.853e+03,1.918e+03
proj/ffn,llama_3_1_405b,32x512,512,131072,1000,3.985e+07,3.985e+07,3.985e+07,1245184,1245184,0.5,3.044e+15,1.042e+17,1.523e+18,1.526e+18,3.049e+18,3.156e+18,1.654e+15,1.654e+15,1.654e+15,0.000e+00,5.964e+15,4.323e+15,1.841e+00,6.301e+01,1.844e+03,1.908e+03
proj/ffn,llama_3_1_405b,32x512,512,131072,1000,4.194e+07,4.194e+07,4.194e+07,1310720,1310720,0.5,3.040e+15,1.042e+17,1.515e+18,1.518e+18,3.033e+18,3.140e+18,1.654e+15,1.654e+15,1.654e+15,0.000e+00,5.933e+15,4.292e+15,1.838e+00,6.301e+01,1.834e+03,1.899e+03
proj/ffn,llama_3_1_405b,32x512,512,131072,1000,4.404e+07,4.404e+07,4.404e+07,1376256,1376256,0.5,3.034e+15,1.042e+17,1.507e+18,1.510e+18,3.017e+18,3.124e+18,1.654e+15,1.654e+15,1.654e+15,0.000e+00,5.902e+15,4.261e+15,1.834e+00,6.301e+01,1.824e+03,1.889e+03
proj/ffn,llama_3_1_405b,32x512,512,131072,1000,4.614e+07,4.614e+07,4.614e+07,1441792,1441792,0.5,3.029e+15,1.042e+17,1.499e+18,1.502e+18,3.001e+18,3.109e+18,1.654e+15,1.654e+15,1.654e+15,0.000e+00,5.872e+15,4.230e+15,1.832e+00,6.301e+01,1.815e+03,1.880e+03
proj/ffn,llama_3_1_405b,32x512,512,131072,1000,4.823e+07,4.823e+07,4.823e+07,1507328,1507328,0.5,3.025e+15,1.042e+17,1.491e+18,1.494e+18,2.986e+18,3.093e+18,1.654e+15,1.654e+15,1.654e+15,0.000e+00,5.841e+15,4.200e+15,1.829e+00,6.301e+01,1.805e+03,1.870e+03
proj/ffn,llama_3_1_405b,32x512,512,131072,1000,5.033e+07,5.033e+07,5.033e+07,1572864,1572864,0.5,3.021e+15,1.042e+17,1.484e+18,1.486e+18,2.970e+18,3.077e+18,1.654e+15,1.654e+15,1.654e+15,0.000e+00,5.810e+15,4.169e+15,1.826e+00,6.301e+01,1.796e+03,1.861e+03
proj/ffn,llama_3_1_405b,32x512,512,131072,1000,5.243e+07,5.243e+07,5.243e+07,1638400,1638400,0.5,3.016e+15,1.042e+17,1.476e+18,1.478e+18,2.954e+18,3.061e+18,1.654e+15,1.654e+15,1.654e+15,0.000e+00,5.779e+15,4.138e+15,1.824e+00,6.301e+01,1.786e+03,1.851e+03
proj/ffn,llama_3_1_405b,32x512,512,131072,1000,5.453e+07,5.453e+07,5.453e+07,1703936,1703936,0.5,2.569e+15,1.042e+17,1.468e+18,1.470e+18,2.938e+18,3.045e+18,1.654e+15,1.654e+15,1.654e+15,0.000e+00,5.748e+15,4.107e+15,1.553e+00,6.301e+01,1.777e+03,1.841e+03
proj/ffn,llama_3_1_405b,32x512,512,131072,1000,5.662e+07,5.662e+07,5.662e+07,1769472,1769472,0.5,2.569e+15,1.042e+17,1.460e+18,1.463e+18,2.922e+18,3.029e+18,1.654e+15,1.654e+15,1.654e+15,0.000e+00,5.717e+15,4.076e+15,1.553e+00,6.301e+01,1.767e+03,1.832e+03
proj/ffn,llama_3_1_405b,32x512,512,131072,1000,5.872e+07,5.872e+07,5.872e+07,1835008,1835008,0.5,2.569e+15,1.042e+17,1.452e+18,1.455e+18,2.907e+18,3.013e+18,1.654e+15,1.654e+15,1.654e+15,0.000e+00,5.686e+15,4.045e+15,1.553e+00,6.301e+01,1.757e+03,1.822e+03
proj/ffn,llama_3_1_405b,32x512,512,131072,1000,6.082e+07,6.082e+07,6.082e+07,1900544,1900544,0.5,2.569e+15,1.042e+17,1.444e+18,1.447e+18,2.891e+18,2.997e+18,1.654e+15,1.654e+15,1.654e+15,0.000e+00,5.655e+15,4.014e+15,1.553e+00,6.301e+01,1.748e+03,1.812e+03
proj/ffn,llama_3_1_405b,32x512,512,131072,1000,6.291e+07,6.291e+07,6.291e+07,1966080,1966080,0.5,2.569e+15,1.042e+17,1.436e+18,1.439e+18,2.875e+18,2.982e+18,1.654e+15,1.654e+15,1.654e+15,0.000e+00,5.624e+15,3.983e+15,1.553e+00,6.300e+01,1.738e+03,1.803e+03
proj/ffn,llama_3_1_405b,32x512,512,131072,1000,6.501e+07,6.501e+07,6.501e+07,2031616,2031616,0.5,2.569e+15,1.042e+17,1.428e+18,1.431e+18,2.859e+18,2.966e+18,1.654e+15,1.654e+15,1.654e+15,0.000e+00,5.594e+15,3.952e+15,1.553e+00,6.300e+01,1.729e+03,1.793e+03
proj/ffn,llama_3_1_405b,32x512,512,131072,1000,6.711e+07,6.711e+07,6.711e+07,2097152,2097152,0.5,2.567e+15,1.042e+17,1.420e+18,1.423e+18,2.843e+18,2.950e+18,1.654e+15,1.654e+15,1.654e+15,0.000e+00,5.563e+15,3.922e+15,1.552e+00,6.301e+01,1.719e+03,1.784e+03
proj/ffn,llama_3_1_405b,32x512,512,131072,1000,6.921e+07,6.921e+07,6.921e+07,2162688,2162688,0.5,2.567e+15,1.042e+17,1.412e+18,1.415e+18,2.827e+18,2.934e+18,1.654e+15,1.654e+15,1.654e+15,0.000e+00,5.532e+15,3.891e+15,1.552e+00,6.300e+01,1.710e+03,1.774e+03
proj/ffn,llama_3_1_405b,32x512,512,131072,1000,7.130e+07,7.130e+07,7.130e+07,2228224,2228224,0.5,2.567e+15,1.042e+17,1.404e+18,1.407e+18,2.812e+18,2.918e+18,1.654e+15,1.654e+15,1.654e+15,0.000e+00,5.501e+15,3.860e+15,1.552e+00,6.301e+01,1.700e+03,1.765e+03
proj/ffn,llama_3_1_405b,32x512,512,131072,1000,7.340e+07,7.340e+07,7.340e+07,2293760,2293760,0.5,2.567e+15,1.042e+17,1.397e+18,1.399e+18,2.796e+18,2.903e+18,1.654e+15,1.654e+15,1.654e+15,0.000e+00,5.470e+15,3.829e+15,1.552e+00,6.300e+01,1.690e+03,1.755e+03
proj/ffn,llama_3_1_405b,32x512,512,131072,1000,7.550e+07,7.550e+07,7.550e+07,2359296,2359296,0.5,2.567e+15,1.042e+17,1.389e+18,1.391e+18,2.780e+18,2.887e+18,1.654e+15,1.654e+15,1.654e+15,0.000e+00,5.439e+15,3.798e+15,1.552e+00,6.300e+01,1.681e+03,1.746e+03
proj/ffn,llama_3_1_405b,32x512,512,131072,1000,7.759e+07,7.759e+07,7.759e+07,2424832,2424832,0.5,2.567e+15,1.042e+17,1.381e+18,1.383e+18,2.764e+18,2.871e+18,1.654e+15,1.654e+15,1.654e+15,0.000e+00,5.408e+15,3.767e+15,1.552e+00,6.300e+01,1.671e+03,1.736e+03
proj/ffn,llama_3_1_405b,32x512,512,131072,1000,7.969e+07,7.969e+07,7.969e+07,2490368,2490368,0.5,2.567e+15,1.042e+17,1.373e+18,1.376e+18,2.748e+18,2.855e+18,1.654e+15,1.654e+15,1.654e+15,0.000e+00,5.377e+15,3.736e+15,1.552e+00,6.300e+01,1.662e+03,1.726e+03
proj/ffn,llama_3_1_405b,32x512,512,131072,1000,8.179e+07,8.179e+07,8.179e+07,2555904,2555904,0.5,2.567e+15,1.042e+17,1.365e+18,1.368e+18,2.733e+18,2.839e+18,1.654e+15,1.654e+15,1.654e+15,0.000e+00,5.346e+15,3.705e+15,1.552e+00,6.300e+01,1.652e+03,1.717e+03
proj/ffn,llama_3_1_405b,32x512,512,131072,1000,8.389e+07,8.389e+07,8.389e+07,2621440,2621440,0.5,2.567e+15,1.042e+17,1.357e+18,1.360e+18,2.717e+18,2.823e+18,1.654e+15,1.654e+15,1.654e+15,0.000e+00,5.315e+15,3.674e+15,1.552e+00,6.300e+01,1.643e+03,1.707e+03
attention,llama_3_1_70b,32x512,512,131072,1000,1.049e+07,1.049e+07,1.049e+07,327680,327680,0.5,8.796e+13,1.441e+18,7.306e+13,1.610e+14,2.341e+14,1.441e+18,3.525e+15,1.407e+15,3.525e+15,0.000e+00,5.628e+15,2.105e+15,2.495e-02,4.087e+02,6.640e-02,4.088e+02
attention,llama_3_1_70b,32x512,512,131072,1000,1.258e+07,1.258e+07,1.258e+07,393216,393216,0.5,8.796e+13,1.441e+18,7.035e+13,1.583e+14,2.287e+14,1.441e+18,3.525e+15,1.407e+15,3.525e+15,0.000e+00,5.628e+15,2.105e+15,2.495e-02,4.087e+02,6.487e-02,4.088e+02
attention,llama_3_1_70b,32x512,512,131072,1000,1.468e+07,1.468e+07,1.468e+07,458752,458752,0.5,8.796e+13,1.441e+18,6.765e+13,1.556e+14,2.233e+14,1.441e+18,3.525e+15,1.407e+15,3.525e+15,0.000e+00,5.628e+15,2.105e+15,2.495e-02,4.087e+02,6.333e-02,4.088e+02
attention,llama_3_1_70b,32x512,512,131072,1000,1.678e+07,1.678e+07,1.678e+07,524288,524288,0.5,8.796e+13,1.441e+18,6.494e+13,1.529e+14,2.178e+14,1.441e+18,3.525e+15,1.407e+15,3.525e+15,0.000e+00,5.628e+15,2.105e+15,2.495e-02,4.087e+02,6.180e-02,4.088e+02
attention,llama_3_1_70b,32x512,512,131072,1000,1.887e+07,1.887e+07,1.887e+07,589824,589824,0.5,8.796e+13,1.441e+18,6.223e+13,1.502e+14,2.124e+14,1.441e+18,3.525e+15,1.407e+15,3.525e+15,0.000e+00,5.628e+15,2.105e+15,2.495e-02,4.087e+02,6.026e-02,4.088e+02
attention,llama_3_1_70b,32x512,512,131072,1000,2.097e+07,2.097e+07,2.097e+07,655360,655360,0.5,8.796e+13,1.441e+18,5.953e+13,1.475e+14,2.070e+14,1.441e+18,3.525e+15,1.407e+15,3.525e+15,0.000e+00,5.628e+15,2.105e+15,2.495e-02,4.087e+02,5.873e-02,4.088e+02
attention,llama_3_1_70b,32x512,512,131072,1000,2.307e+07,2.307e+07,2.307e+07,720896,720896,0.5,8.796e+13,1.441e+18,5.682e+13,1.448e+14,2.016e+14,1.441e+18,3.525e+15,1.407e+15,3.525e+15,0.000e+00,5.628e+15,2.105e+15,2.495e-02,4.087e+02,5.719e-02,4.088e+02
attention,llama_3_1_70b,32x512,512,131072,1000,2.517e+07,2.517e+07,2.517e+07,786432,786432,0.5,8.796e+13,1.441e+18,5.412e+13,1.421e+14,1.962e+14,1.441e+18,3.525e+15,1.407e+15,3.525e+15,0.000e+00,5.628e+15,2.105e+15,2.495e-02,4.087e+02,5.566e-02,4.088e+02
attention,llama_3_1_70b,32x512,512,131072,1000,2.726e+07,2.726e+07,2.726e+07,851968,851968,0.5,8.796e+13,1.441e+18,5.141e+13,1.394e+14,1.908e+14,1.441e+18,3.525e+15,1.407e+15,3.525e+15,0.000e+00,5.628e+15,2.105e+15,2.495e-02,4.087e+02,5.412e-02,4.088e+02
attention,llama_3_1_70b,32x512,512,131072,1000,2.936e+07,2.936e+07,2.936e+07,917504,917504,0.5,8.796e+13,1.441e+18,4.870e+13,1.367e+14,1.854e+14,1.441e+18,3.525e+15,1.407e+15,3.525e+15,0.000e+00,5.628e+15,2.105e+15,2.495e-02,4.087e+02,5.258e-02,4.088e+02
attention,llama_3_1_70b,32x512,512,131072,1000,3.146e+07,3.146e+07,3.146e+07,983040,983040,0.5,8.796e+13,1.441e+18,4.600e+13,1.340e+14,1.800e+14,1.441e+18,3.525e+15,1.407e+15,3.525e+15,0.000e+00,5.628e+15,2.105e+15,2.495e-02,4.087e+02,5.105e-02,4.088e+02
attention,llama_3_1_70b,32x512,512,131072,1000,3.355e+07,3.355e+07,3.355e+07,1048576,1048576,0.5,8.796e+13,1.441e+18,4.329e+13,1.313e+14,1.745e+14,1.441e+18,3.525e+15,1.407e+15,3.525e+15,0.000e+00,5.628e+15,2.105e+15,2.495e-02,4.087e+02,4.952e-02,4.088e+02
attention,llama_3_1_70b,32x512,512,131072,1000,3.565e+07,3.565e+07,3.565e+07,1114112,1114112,0.5,8.796e+13,1.441e+18,4.059e+13,1.285e+14,1.691e+14,1.441e+18,3.525e+15,1.407e+15,3.525e+15,0.000e+00,5.628e+15,2.105e+15,2.495e-02,4.087e+02,4.798e-02,4.088e+02
attention,llama_3_1_70b,32x512,512,131072,1000,3.775e+07,3.775e+07,3.775e+07,1179648,1179648,0.5,8.796e+13,1.441e+18,3.788e+13,1.258e+14,1.637e+14,1.441e+18,3.525e+15,1.407e+15,3.525e+15,0.000e+00,5.628e+15,2.105e+15,2.495e-02,4.087e+02,4.644e-02,4.088e+02
attention,llama_3_1_70b,32x512,512,131072,1000,3.985e+07,3.985e+07,3.985e+07,1245184,1245184,0.5,8.796e+13,1.441e+18,3.518e+13,1.231e+14,1.583e+14,1.441e+18,3.525e+15,1.407e+15,3.525e+15,0.000e+00,5.628e+15,2.105e+15,2.495e-02,4.087e+02,4.491e-02,4.088e+02
attention,llama_3_1_70b,32x512,512,131072,1000,4.194e+07,4.194e+07,4.194e+07,1310720,1310720,0.5,8.796e+13,1.441e+18,3.247e+13,1.204e+14,1.529e+14,1.441e+18,3.525e+15,1.407e+15,3.525e+15,0.000e+00,5.628e+15,2.105e+15,2.495e-02,4.087e+02,4.337e-02,4.088e+02
attention,llama_3_1_70b,32x512,512,131072,1000,4.404e+07,4.404e+07,4.404e+07,1376256,1376256,0.5,8.796e+13,1.441e+18,2.976e+13,1.177e+14,1.475e+14,1.441e+18,3.525e+15,1.407e+15,3.525e+15,0.000e+00,5.628e+15,2.105e+15,2.495e-02,4.087e+02,4.184e-02,4.088e+02
attention,llama_3_1_70b,32x512,512,131072,1000,4.614e+07,4.614e+07,4.614e+07,1441792,1441792,0.5,8.796e+13,1.441e+18,2.706e+13,1.150e+14,1.421e+14,1.441e+18,3.525e+15,1.407e+15,3.525e+15,0.000e+00,5.628e+15,2.105e+15,2.495e-02,4.087e+02,4.030e-02,4.088e+02
attention,llama_3_1_70b,32x512,512,131072,1000,4.823e+07,4.823e+07,4.823e+07,1507328,1507328,0.5,8.796e+13,1.441e+18,2.435e+13,1.123e+14,1.367e+14,1.441e+18,3.525e+15,1.407e+15,3.525e+15,0.000e+00,5.628e+15,2.105e+15,2.495e-02,4.087e+02,3.877e-02,4.088e+02
attention,llama_3_1_70b,32x512,512,131072,1000,5.033e+07,5.033e+07,5.033e+07,1572864,1572864,0.5,8.796e+13,1.441e+18,2.165e+13,1.096e+14,1.313e+14,1.441e+18,3.525e+15,1.407e+15,3.525e+15,0.000e+00,5.628e+15,2.105e+15,2.495e-02,4.087e+02,3.723e-02,4.088e+02
attention,llama_3_1_70b,32x512,512,131072,1000,5.243e+07,5.243e+07,5.243e+07,1638400,1638400,0.5,8.796e+13,1.441e+18,1.894e+13,1.069e+14,1.258e+14,1.441e+18,3.525e+15,1.407e+15,3.525e+15,0.000e+00,5.628e+15,2.105e+15,2.495e-02,4.087e+02,3.570e-02,4.088e+02
attention,llama_3_1_70b,32x512,512,131072,1000,5.453e+07,5.453e+07,5.453e+07,1703936,1703936,0.5,8.796e+13,1.441e+18,1.623e+13,1.042e+14,1.204e+14,1.441e+18,3.525e+15,1.407e+15,3.525e+15,0.000e+00,5.628e+15,2.105e+15,2.495e-02,4.087e+02,3.416e-02,4.088e+02
attention,llama_3_1_70b,32x512,512,131072,1000,5.662e+07,5.662e+07,5.662e+07,1769472,1769472,0.5,8.796e+13,1.441e+18,1.353e+13,1.015e+14,1.150e+14,1.441e+18,3.525e+15,1.407e+15,3.525e+15,0.000e+00,5.628e+15,2.105e+15,2.495e-02,4.087e+02,3.263e-02,4.088e+02
attention,llama_3_1_70b,32x512,512,131072,1000,5.872e+07,5.872e+07,5.872e+07,1835008,1835008,0.5,8.796e+13,1.441e+18,1.082e+13,9.878e+13,1.096e+14,1.441e+18,3.525e+15,1.407e+15,3.525e+15,0.000e+00,5.628e+15,2.105e+15,2.495e-02,4.087e+02,3.109e-02,4.088e+02
attention,llama_3_1_70b,32x512,512,131072,1000,6.082e+07,6.082e+07,6.082e+07,1900544,1900544,0.5,8.796e+13,1.441e+18,8.117e+12,9.608e+13,1.042e+14,1.441e+18,3.525e+15,1.407e+15,3.525e+15,0.000e+00,5.628e+15,2.105e+15,2.495e-02,4.087e+02,2.956e-02,4.087e+02
attention,llama_3_1_70b,32x512,512,131072,1000,6.291e+07,6.291e+07,6.291e+07,1966080,1966080,0.5,8.796e+13,1.441e+18,5.412e+12,9.337e+13,9.878e+13,1.441e+18,3.525e+15,1.407e+15,3.525e+15,0.000e+00,5.628e+15,2.105e+15,2.495e-02,4.087e+02,2.802e-02,4.087e+02
attention,llama_3_1_70b,32x512,512,131072,1000,6.501e+07,6.501e+07,6.501e+07,2031616,2031616,0.5,8.796e+13,1.441e+18,2.706e+12,9.067e+13,9.337e+13,1.441e+18,3.525e+15,1.407e+15,3.525e+15,0.000e+00,5.628e+15,2.105e+15,2.495e-02,4.087e+02,2.649e-02,4.087e+02
attention,llama_3_1_70b,32x512,512,131072,1000,6.711e+07,6.711e+07,6.711e+07,2097152,2097152,0.5,8.796e+13,1.441e+18,0.000e+00,8.796e+13,8.796e+13,1.441e+18,3.525e+15,1.407e+15,3.525e+15,0.000e+00,5.628e+15,2.105e+15,2.495e-02,4.087e+02,2.495e-02,4.088e+02
attention,llama_3_1_70b,32x512,512,131072,1000,6.921e+07,6.921e+07,6.921e+07,2162688,2162688,0.5,8.796e+13,1.441e+18,0.000e+00,8.796e+13,8.796e+13,1.441e+18,3.525e+15,1.407e+15,3.525e+15,0.000e+00,5.628e+15,2.105e+15,2.495e-02,4.087e+02,2.495e-02,4.088e+02
attention,llama_3_1_70b,32x512,512,131072,1000,7.130e+07,7.130e+07,7.130e+07,2228224,2228224,0.5,8.796e+13,1.441e+18,0.000e+00,8.796e+13,8.796e+13,1.441e+18,3.525e+15,1.407e+15,3.525e+15,0.000e+00,5.628e+15,2.105e+15,2.495e-02,4.087e+02,2.495e-02,4.088e+02
attention,llama_3_1_70b,32x512,512,131072,1000,7.340e+07,7.340e+07,7.340e+07,2293760,2293760,0.5,8.796e+13,1.441e+18,0.000e+00,8.796e+13,8.796e+13,1.441e+18,3.525e+15,1.407e+15,3.525e+15,0.000e+00,5.628e+15,2.105e+15,2.495e-02,4.087e+02,2.495e-02,4.088e+02
attention,llama_3_1_70b,32x512,512,131072,1000,7.550e+07,7.550e+07,7.550e+07,2359296,2359296,0.5,8.796e+13,1.441e+18,0.000e+00,8.796e+13,8.796e+13,1.441e+18,3.525e+15,1.407e+15,3.525e+15,0.000e+00,5.628e+15,2.105e+15,2.495e-02,4.087e+02,2.495e-02,4.088e+02
attention,llama_3_1_70b,32x512,512,131072,1000,7.759e+07,7.759e+07,7.759e+07,2424832,2424832,0.5,8.796e+13,1.441e+18,0.000e+00,8.796e+13,8.796e+13,1.441e+18,3.525e+15,1.407e+15,3.525e+15,0.000e+00,5.628e+15,2.105e+15,2.495e-02,4.087e+02,2.495e-02,4.088e+02
attention,llama_3_1_70b,32x512,512,131072,1000,7.969e+07,7.969e+07,7.969e+07,2490368,2490368,0.5,8.796e+13,1.441e+18,0.000e+00,8.796e+13,8.796e+13,1.441e+18,3.525e+15,1.407e+15,3.525e+15,0.000e+00,5.628e+15,2.105e+15,2.495e-02,4.087e+02,2.495e-02,4.088e+02
attention,llama_3_1_70b,32x512,512,131072,1000,8.179e+07,8.179e+07,8.179e+07,2555904,2555904,0.5,8.796e+13,1.441e+18,0.000e+00,8.796e+13,8.796e+13,1.441e+18,3.525e+15,1.407e+15,3.525e+15,0.000e+00,5.628e+15,2.105e+15,2.495e-02,4.087e+02,2.495e-02,4.088e+02
attention,llama_3_1_70b,32x512,512,131072,1000,8.389e+07,8.389e+07,8.389e+07,2621440,2621440,0.5,8.796e+13,1.441e+18,0.000e+00,8.796e+13,8.796e+13,1.441e+18,3.525e+15,1.407e+15,3.525e+15,0.000e+00,5.628e+15,2.105e+15,2.495e-02,4.087e+02,2.495e-02,4.088e+02
proj/ffn,llama_3_1_70b,32x512,512,131072,1000,1.049e+07,1.049e+07,1.049e+07,327680,327680,0.5,1.174e+15,1.795e+16,2.742e+17,2.751e+17,5.493e+17,5.684e+17,2.847e+14,2.847e+14,2.847e+14,0.000e+00,1.075e+15,7.899e+14,4.123e+00,6.305e+01,1.929e+03,1.996e+03
proj/ffn,llama_3_1_70b,32x512,512,131072,1000,1.258e+07,1.258e+07,1.258e+07,393216,393216,0.5,1.166e+15,1.795e+16,2.709e+17,2.718e+17,5.427e+17,5.618e+17,2.847e+14,2.847e+14,2.847e+14,0.000e+00,1.062e+15,7.770e+14,4.096e+00,6.304e+01,1.906e+03,1.973e+03
proj/ffn,llama_3_1_70b,32x512,512,131072,1000,1.468e+07,1.468e+07,1.468e+07,458752,458752,0.5,1.002e+15,1.795e+16,2.676e+17,2.685e+17,5.361e+17,5.551e+17,2.847e+14,2.847e+14,2.847e+14,0.000e+00,1.049e+15,7.668e+14,3.518e+00,6.303e+01,1.883e+03,1.950e+03
proj/ffn,llama_3_1_70b,32x512,512,131072,1000,1.678e+07,1.678e+07,1.678e+07,524288,524288,0.5,9.978e+14,1.794e+16,2.643e+17,2.652e+17,5.295e+17,5.485e+17,2.847e+14,2.847e+14,2.847e+14,0.000e+00,1.037e+15,7.567e+14,3.505e+00,6.303e+01,1.860e+03,1.927e+03
proj/ffn,llama_3_1_70b,32x512,512,131072,1000,1.887e+07,1.887e+07,1.887e+07,589824,589824,0.5,9.940e+14,1.794e+16,2.617e+17,2.626e+17,5.244e+17,5.433e+17,2.847e+14,2.847e+14,2.847e+14,0.000e+00,1.027e+15,7.466e+14,3.491e+00,6.302e+01,1.842e+03,1.908e+03
proj/ffn,llama_3_1_70b,32x512,512,131072,1000,2.097e+07,2.097e+07,2.097e+07,655360,655360,0.5,9.912e+14,1.794e+16,2.591e+17,2.600e+17,5.192e+17,5.381e+17,2.847e+14,2.847e+14,2.847e+14,0.000e+00,1.017e+15,7.364e+14,3.482e+00,6.302e+01,1.824e+03,1.890e+03
proj/ffn,llama_3_1_70b,32x512,512,131072,1000,2.307e+07,2.307e+07,2.307e+07,720896,720896,0.5,9.875e+14,1.794e+16,2.565e+17,2.574e+17,5.140e+17,5.329e+17,2.847e+14,2.847e+14,2.847e+14,0.000e+00,1.007e+15,7.263e+14,3.469e+00,6.302e+01,1.805e+03,1.872e+03
proj/ffn,llama_3_1_70b,32x512,512,131072,1000,2.517e+07,2.517e+07,2.517e+07,786432,786432,0.5,9.847e+14,1.794e+16,2.539e+17,2.548e+17,5.088e+17,5.277e+17,2.847e+14,2.847e+14,2.847e+14,0.000e+00,9.968e+14,7.161e+14,3.459e+00,6.302e+01,1.787e+03,1.854e+03
proj/ffn,llama_3_1_70b,32x512,512,131072,1000,2.726e+07,2.726e+07,2.726e+07,851968,851968,0.5,9.810e+14,1.794e+16,2.513e+17,2.523e+17,5.036e+17,5.225e+17,2.847e+14,2.847e+14,2.847e+14,0.000e+00,9.866e+14,7.060e+14,3.446e+00,6.302e+01,1.769e+03,1.835e+03
proj/ffn,llama_3_1_70b,32x512,512,131072,1000,2.936e+07,2.936e+07,2.936e+07,917504,917504,0.5,8.402e+14,1.794e+16,2.487e+17,2.497e+17,4.984e+17,5.172e+17,2.847e+14,2.847e+14,2.847e+14,0.000e+00,9.765e+14,6.959e+14,2.951e+00,6.301e+01,1.751e+03,1.817e+03
proj/ffn,llama_3_1_70b,32x512,512,131072,1000,3.146e+07,3.146e+07,3.146e+07,983040,983040,0.5,8.401e+14,1.794e+16,2.461e+17,2.471e+17,4.932e+17,5.120e+17,2.847e+14,2.847e+14,2.847e+14,0.000e+00,9.664e+14,6.857e+14,2.951e+00,6.301e+01,1.732e+03,1.798e+03
proj/ffn,llama_3_1_70b,32x512,512,131072,1000,3.355e+07,3.355e+07,3.355e+07,1048576,1048576,0.5,8.392e+14,1.794e+16,2.435e+17,2.445e+17,4.880e+17,5.068e+17,2.847e+14,2.847e+14,2.847e+14,0.000e+00,9.562e+14,6.756e+14,2.948e+00,6.301e+01,1.714e+03,1.780e+03
proj/ffn,llama_3_1_70b,32x512,512,131072,1000,3.565e+07,3.565e+07,3.565e+07,1114112,1114112,0.5,8.392e+14,1.794e+16,2.410e+17,2.419e+17,4.828e+17,5.016e+17,2.847e+14,2.847e+14,2.847e+14,0.000e+00,9.461e+14,6.655e+14,2.948e+00,6.301e+01,1.696e+03,1.762e+03
proj/ffn,llama_3_1_70b,32x512,512,131072,1000,3.775e+07,3.775e+07,3.775e+07,1179648,1179648,0.5,8.391e+14,1.794e+16,2.384e+17,2.393e+17,4.776e+17,4.964e+17,2.847e+14,2.847e+14,2.847e+14,0.000e+00,9.359e+14,6.553e+14,2.947e+00,6.301e+01,1.678e+03,1.744e+03
proj/ffn,llama_3_1_70b,32x512,512,131072,1000,3.985e+07,3.985e+07,3.985e+07,1245184,1245184,0.5,8.391e+14,1.794e+16,2.358e+17,2.367e+17,4.724e+17,4.912e+17,2.847e+14,2.847e+14,2.847e+14,0.000e+00,9.258e+14,6.452e+14,2.947e+00,6.301e+01,1.659e+03,1.725e+03
proj/ffn,llama_3_1_70b,32x512,512,131072,1000,4.194e+07,4.194e+07,4.194e+07,1310720,1310720,0.5,8.390e+14,1.794e+16,2.332e+17,2.341e+17,4.673e+17,4.860e+17,2.847e+14,2.847e+14,2.847e+14,0.000e+00,9.157e+14,6.350e+14,2.947e+00,6.301e+01,1.641e+03,1.707e+03
proj/ffn,llama_3_1_70b,32x512,512,131072,1000,4.404e+07,4.404e+07,4.404e+07,1376256,1376256,0.5,8.382e+14,1.794e+16,2.306e+17,2.315e+17,4.621e+17,4.808e+17,2.847e+14,2.847e+14,2.847e+14,0.000e+00,9.055e+14,6.249e+14,2.944e+00,6.301e+01,1.623e+03,1.689e+03
proj/ffn,llama_3_1_70b,32x512,512,131072,1000,4.614e+07,4.614e+07,4.614e+07,1441792,1441792,0.5,8.382e+14,1.794e+16,2.280e+17,2.289e+17,4.569e+17,4.757e+17,2.847e+14,2.847e+14,2.847e+14,0.000e+00,8.954e+14,6.148e+14,2.944e+00,6.301e+01,1.605e+03,1.671e+03
proj/ffn,llama_3_1_70b,32x512,512,131072,1000,4.823e+07,4.823e+07,4.823e+07,1507328,1507328,0.5,8.381e+14,1.794e+16,2.254e+17,2.263e+17,4.517e+17,4.705e+17,2.847e+14,2.847e+14,2.847e+14,0.000e+00,8.853e+14,6.046e+14,2.944e+00,6.301e+01,1.587e+03,1.652e+03
proj/ffn,llama_3_1_70b,32x512,512,131072,1000,5.033e+07,5.033e+07,5.033e+07,1572864,1572864,0.5,8.381e+14,1.794e+16,2.228e+17,2.237e+17,4.465e+17,4.653e+17,2.847e+14,2.847e+14,2.847e+14,0.000e+00,8.751e+14,5.945e+14,2.944e+00,6.301e+01,1.568e+03,1.634e+03
proj/ffn,llama_3_1_70b,32x512,512,131072,1000,5.243e+07,5.243e+07,5.243e+07,1638400,1638400,0.5,8.381e+14,1.794e+16,2.202e+17,2.211e+17,4.413e+17,4.601e+17,2.847e+14,2.847e+14,2.847e+14,0.000e+00,8.650e+14,5.844e+14,2.944e+00,6.301e+01,1.550e+03,1.616e+03
proj/ffn,llama_3_1_70b,32x512,512,131072,1000,5.453e+07,5.453e+07,5.453e+07,1703936,1703936,0.5,8.380e+14,1.794e+16,2.176e+17,2.185e+17,4.361e+17,4.549e+17,2.847e+14,2.847e+14,2.847e+14,0.000e+00,8.549e+14,5.742e+14,2.944e+00,6.300e+01,1.532e+03,1.598e+03
proj/ffn,llama_3_1_70b,32x512,512,131072,1000,5.662e+07,5.662e+07,5.662e+07,1769472,1769472,0.5,8.380e+14,1.794e+16,2.150e+17,2.159e+17,4.309e+17,4.497e+17,2.847e+14,2.847e+14,2.847e+14,0.000e+00,8.447e+14,5.641e+14,2.944e+00,6.301e+01,1.514e+03,1.580e+03
proj/ffn,llama_3_1_70b,32x512,512,131072,1000,5.872e+07,5.872e+07,5.872e+07,1835008,1835008,0.5,8.380e+14,1.794e+16,2.124e+17,2.133e+17,4.257e+17,4.445e+17,2.847e+14,2.847e+14,2.847e+14,0.000e+00,8.346e+14,5.539e+14,2.943e+00,6.301e+01,1.495e+03,1.561e+03
proj/ffn,llama_3_1_70b,32x512,512,131072,1000,6.082e+07,6.082e+07,6.082e+07,1900544,1900544,0.5,8.379e+14,1.794e+16,2.098e+17,2.107e+17,4.205e+17,4.393e+17,2.847e+14,2.847e+14,2.847e+14,0.000e+00,8.244e+14,5.438e+14,2.943e+00,6.300e+01,1.477e+03,1.543e+03
proj/ffn,llama_3_1_70b,32x512,512,131072,1000,6.291e+07,6.291e+07,6.291e+07,1966080,1966080,0.5,8.379e+14,1.794e+16,2.072e+17,2.081e+17,4.154e+17,4.341e+17,2.847e+14,2.847e+14,2.847e+14,0.000e+00,8.143e+14,5.337e+14,2.943e+00,6.300e+01,1.459e+03,1.525e+03
proj/ffn,llama_3_1_70b,32x512,512,131072,1000,6.501e+07,6.501e+07,6.501e+07,2031616,2031616,0.5,8.379e+14,1.794e+16,2.046e+17,2.055e+17,4.102e+17,4.289e+17,2.847e+14,2.847e+14,2.847e+14,0.000e+00,8.042e+14,5.235e+14,2.943e+00,6.300e+01,1.441e+03,1.507e+03
proj/ffn,llama_3_1_70b,32x512,512,131072,1000,6.711e+07,6.711e+07,6.711e+07,2097152,2097152,0.5,8.373e+14,1.794e+16,2.020e+17,2.029e+17,4.050e+17,4.237e+17,2.847e+14,2.847e+14,2.847e+14,0.000e+00,7.940e+14,5.134e+14,2.941e+00,6.301e+01,1.423e+03,1.488e+03
proj/ffn,llama_3_1_70b,32x512,512,131072,1000,6.921e+07,6.921e+07,6.921e+07,2162688,2162688,0.5,8.373e+14,1.794e+16,1.994e+17,2.004e+17,3.998e+17,4.186e+17,2.847e+14,2.847e+14,2.847e+14,0.000e+00,7.839e+14,5.032e+14,2.941e+00,6.300e+01,1.404e+03,1.470e+03
proj/ffn,llama_3_1_70b,32x512,512,131072,1000,7.130e+07,7.130e+07,7.130e+07,2228224,2228224,0.5,8.373e+14,1.794e+16,1.968e+17,1.978e+17,3.946e+17,4.134e+17,2.847e+14,2.847e+14,2.847e+14,0.000e+00,7.738e+14,4.931e+14,2.941e+00,6.301e+01,1.386e+03,1.452e+03
proj/ffn,llama_3_1_70b,32x512,512,131072,1000,7.340e+07,7.340e+07,7.340e+07,2293760,2293760,0.5,8.372e+14,1.794e+16,1.942e+17,1.952e+17,3.894e+17,4.082e+17,2.847e+14,2.847e+14,2.847e+14,0.000e+00,7.636e+14,4.830e+14,2.941e+00,6.300e+01,1.368e+03,1.434e+03
proj/ffn,llama_3_1_70b,32x512,512,131072,1000,7.550e+07,7.550e+07,7.550e+07,2359296,2359296,0.5,8.372e+14,1.794e+16,1.916e+17,1.926e+17,3.842e+17,4.030e+17,2.847e+14,2.847e+14,2.847e+14,0.000e+00,7.535e+14,4.728e+14,2.941e+00,6.300e+01,1.350e+03,1.415e+03
proj/ffn,llama_3_1_70b,32x512,512,131072,1000,7.759e+07,7.759e+07,7.759e+07,2424832,2424832,0.5,8.372e+14,1.794e+16,1.891e+17,1.900e+17,3.790e+17,3.978e+17,2.847e+14,2.847e+14,2.847e+14,0.000e+00,7.433e+14,4.627e+14,2.941e+00,6.300e+01,1.331e+03,1.397e+03
proj/ffn,llama_3_1_70b,32x512,512,131072,1000,7.969e+07,7.969e+07,7.969e+07,2490368,2490368,0.5,8.372e+14,1.794e+16,1.865e+17,1.874e+17,3.738e+17,3.926e+17,2.847e+14,2.847e+14,2.847e+14,0.000e+00,7.332e+14,4.526e+14,2.941e+00,6.300e+01,1.313e+03,1.379e+03
proj/ffn,llama_3_1_70b,32x512,512,131072,1000,8.179e+07,8.179e+07,8.179e+07,2555904,2555904,0.5,8.372e+14,1.794e+16,1.839e+17,1.848e+17,3.686e+17,3.874e+17,2.847e+14,2.847e+14,2.847e+14,0.000e+00,7.231e+14,4.424e+14,2.940e+00,6.300e+01,1.295e+03,1.361e+03
proj/ffn,llama_3_1_70b,32x512,512,131072,1000,8.389e+07,8.389e+07,8.389e+07,2621440,2621440,0.5,8.372e+14,1.794e+16,1.813e+17,1.822e+17,3.635e+17,3.822e+17,2.847e+14,2.847e+14,2.847e+14,0.000e+00,7.129e+14,4.323e+14,2.941e+00,6.300e+01,1.277e+03,1.343e+03
attention,llama_3_1_8b,32x512,32,131072,1000,1.049e+07,1.049e+07,1.049e+07,327680,327680,0.5,1.100e+12,3.602e+16,7.441e+11,1.844e+12,2.588e+12,3.602e+16,8.812e+13,3.518e+13,8.812e+13,0.000e+00,1.407e+14,5.262e+13,1.248e-02,4.087e+02,2.936e-02,4.088e+02
attention,llama_3_1_8b,32x512,32,131072,1000,1.258e+07,1.258e+07,1.258e+07,393216,393216,0.5,1.100e+12,3.602e+16,6.765e+11,1.776e+12,2.452e+12,3.602e+16,8.812e+13,3.518e+13,8.812e+13,0.000e+00,1.407e+14,5.262e+13,1.248e-02,4.087e+02,2.783e-02,4.088e+02
attention,llama_3_1_8b,32x512,32,131072,1000,1.468e+07,1.468e+07,1.468e+07,458752,458752,0.5,1.100e+12,3.602e+16,6.088e+11,1.708e+12,2.317e+12,3.602e+16,8.812e+13,3.518e+13,8.812e+13,0.000e+00,1.407e+14,5.262e+13,1.248e-02,4.087e+02,2.629e-02,4.088e+02
attention,llama_3_1_8b,32x512,32,131072,1000,1.678e+07,1.678e+07,1.678e+07,524288,524288,0.5,1.100e+12,3.602e+16,5.412e+11,1.641e+12,2.182e+12,3.602e+16,8.812e+13,3.518e+13,8.812e+13,0.000e+00,1.407e+14,5.262e+13,1.248e-02,4.088e+02,2.476e-02,4.088e+02
attention,llama_3_1_8b,32x512,32,131072,1000,1.887e+07,1.887e+07,1.887e+07,589824,589824,0.5,1.100e+12,3.602e+16,4.735e+11,1.573e+12,2.047e+12,3.602e+16,8.812e+13,3.518e+13,8.812e+13,0.000e+00,1.407e+14,5.262e+13,1.248e-02,4.087e+02,2.322e-02,4.088e+02
attention,llama_3_1_8b,32x512,32,131072,1000,2.097e+07,2.097e+07,2.097e+07,655360,655360,0.5,1.100e+12,3.602e+16,4.059e+11,1.505e+12,1.911e+12,3.602e+16,8.812e+13,3.518e+13,8.812e+13,0.000e+00,1.407e+14,5.262e+13,1.248e-02,4.087e+02,2.169e-02,4.088e+02
attention,llama_3_1_8b,32x512,32,131072,1000,2.307e+07,2.307e+07,2.307e+07,720896,720896,0.5,1.100e+12,3.602e+16,3.382e+11,1.438e+12,1.776e+12,3.602e+16,8.812e+13,3.518e+13,8.812e+13,0.000e+00,1.407e+14,5.262e+13,1.248e-02,4.087e+02,2.015e-02,4.088e+02
attention,llama_3_1_8b,32x512,32,131072,1000,2.517e+07,2.517e+07,2.517e+07,786432,786432,0.5,1.100e+12,3.602e+16,2.706e+11,1.370e+12,1.641e+12,3.602e+16,8.812e+13,3.518e+13,8.812e+13,0.000e+00,1.407e+14,5.262e+13,1.248e-02,4.087e+02,1.862e-02,4.088e+02
attention,llama_3_1_8b,32x512,32,131072,1000,2.726e+07,2.726e+07,2.726e+07,851968,851968,0.5,1.100e+12,3.602e+16,2.029e+11,1.302e+12,1.505e+12,3.602e+16,8.813e+13,3.518e+13,8.813e+13,0.000e+00,1.407e+14,5.262e+13,1.248e-02,4.087e+02,1.708e-02,4.088e+02
attention,llama_3_1_8b,32x512,32,131072,1000,2.936e+07,2.936e+07,2.936e+07,917504,917504,0.5,1.100e+12,3.602e+16,1.353e+11,1.235e+12,1.370e+12,3.602e+16,8.813e+13,3.518e+13,8.813e+13,0.000e+00,1.407e+14,5.262e+13,1.248e-02,4.087e+02,1.555e-02,4.088e+02
attention,llama_3_1_8b,32x512,32,131072,1000,3.146e+07,3.146e+07,3.146e+07,983040,983040,0.5,1.100e+12,3.602e+16,6.765e+10,1.167e+12,1.235e+12,3.602e+16,8.813e+13,3.518e+13,8.813e+13,0.000e+00,1.407e+14,5.262e+13,1.248e-02,4.087e+02,1.401e-02,4.088e+02
attention,llama_3_1_8b,32x512,32,131072,1000,3.355e+07,3.355e+07,3.355e+07,1048576,1048576,0.5,1.100e+12,3.602e+16,0.000e+00,1.100e+12,1.100e+12,3.602e+16,8.812e+13,3.518e+13,8.812e+13,0.000e+00,1.407e+14,5.262e+13,1.248e-02,4.088e+02,1.248e-02,4.088e+02
attention,llama_3_1_8b,32x512,32,131072,1000,3.565e+07,3.565e+07,3.565e+07,1114112,1114112,0.5,1.100e+12,3.602e+16,0.000e+00,1.100e+12,1.100e+12,3.602e+16,8.812e+13,3.518e+13,8.812e+13,0.000e+00,1.407e+14,5.262e+13,1.248e-02,4.088e+02,1.248e-02,4.088e+02
attention,llama_3_1_8b,32x512,32,131072,1000,3.775e+07,3.775e+07,3.775e+07,1179648,1179648,0.5,1.100e+12,3.602e+16,0.000e+00,1.100e+12,1.100e+12,3.602e+16,8.812e+13,3.518e+13,8.812e+13,0.000e+00,1.407e+14,5.262e+13,1.248e-02,4.088e+02,1.248e-02,4.088e+02
attention,llama_3_1_8b,32x512,32,131072,1000,3.985e+07,3.985e+07,3.985e+07,1245184,1245184,0.5,1.100e+12,3.602e+16,0.000e+00,1.100e+12,1.100e+12,3.602e+16,8.812e+13,3.518e+13,8.812e+13,0.000e+00,1.407e+14,5.262e+13,1.248e-02,4.088e+02,1.248e-02,4.088e+02
attention,llama_3_1_8b,32x512,32,131072,1000,4.194e+07,4.194e+07,4.194e+07,1310720,1310720,0.5,1.100e+12,3.602e+16,0.000e+00,1.100e+12,1.100e+12,3.602e+16,8.812e+13,3.518e+13,8.812e+13,0.000e+00,1.407e+14,5.262e+13,1.248e-02,4.088e+02,1.248e-02,4.088e+02
attention,llama_3_1_8b,32x512,32,131072,1000,4.404e+07,4.404e+07,4.404e+07,1376256,1376256,0.5,1.100e+12,3.602e+16,0.000e+00,1.100e+12,1.100e+12,3.602e+16,8.812e+13,3.518e+13,8.812e+13,0.000e+00,1.407e+14,5.262e+13,1.248e-02,4.088e+02,1.248e-02,4.088e+02
attention,llama_3_1_8b,32x512,32,131072,1000,4.614e+07,4.614e+07,4.614e+07,1441792,1441792,0.5,1.100e+12,3.602e+16,0.000e+00,1.100e+12,1.100e+12,3.602e+16,8.812e+13,3.518e+13,8.812e+13,0.000e+00,1.407e+14,5.262e+13,1.248e-02,4.088e+02,1.248e-02,4.088e+02
attention,llama_3_1_8b,32x512,32,131072,1000,4.823e+07,4.823e+07,4.823e+07,1507328,1507328,0.5,1.100e+12,3.602e+16,0.000e+00,1.100e+12,1.100e+12,3.602e+16,8.812e+13,3.518e+13,8.812e+13,0.000e+00,1.407e+14,5.262e+13,1.248e-02,4.088e+02,1.248e-02,4.088e+02
attention,llama_3_1_8b,32x512,32,131072,1000,5.033e+07,5.033e+07,5.033e+07,1572864,1572864,0.5,1.100e+12,3.602e+16,0.000e+00,1.100e+12,1.100e+12,3.602e+16,8.812e+13,3.518e+13,8.812e+13,0.000e+00,1.407e+14,5.262e+13,1.248e-02,4.088e+02,1.248e-02,4.088e+02
attention,llama_3_1_8b,32x512,32,131072,1000,5.243e+07,5.243e+07,5.243e+07,1638400,1638400,0.5,1.100e+12,3.602e+16,0.000e+00,1.100e+12,1.100e+12,3.602e+16,8.812e+13,3.518e+13,8.812e+13,0.000e+00,1.407e+14,5.262e+13,1.248e-02,4.088e+02,1.248e-02,4.088e+02
attention,llama_3_1_8b,32x512,32,131072,1000,5.453e+07,5.453e+07,5.453e+07,1703936,1703936,0.5,1.100e+12,3.602e+16,0.000e+00,1.100e+12,1.100e+12,3.602e+16,8.812e+13,3.518e+13,8.812e+13,0.000e+00,1.407e+14,5.262e+13,1.248e-02,4.088e+02,1.248e-02,4.088e+02
attention,llama_3_1_8b,32x512,32,131072,1000,5.662e+07,5.662e+07,5.662e+07,1769472,1769472,0.5,1.100e+12,3.602e+16,0.000e+00,1.100e+12,1.100e+12,3.602e+16,8.812e+13,3.518e+13,8.812e+13,0.000e+00,1.407e+14,5.262e+13,1.248e-02,4.088e+02,1.248e-02,4.088e+02
attention,llama_3_1_8b,32x512,32,131072,1000,5.872e+07,5.872e+07,5.872e+07,1835008,1835008,0.5,1.100e+12,3.602e+16,0.000e+00,1.100e+12,1.100e+12,3.602e+16,8.812e+13,3.518e+13,8.812e+13,0.000e+00,1.407e+14,5.262e+13,1.248e-02,4.088e+02,1.248e-02,4.088e+02
attention,llama_3_1_8b,32x512,32,131072,1000,6.082e+07,6.082e+07,6.082e+07,1900544,1900544,0.5,1.100e+12,3.602e+16,0.000e+00,1.100e+12,1.100e+12,3.602e+16,8.812e+13,3.518e+13,8.812e+13,0.000e+00,1.407e+14,5.262e+13,1.248e-02,4.088e+02,1.248e-02,4.088e+02
attention,llama_3_1_8b,32x512,32,131072,1000,6.291e+07,6.291e+07,6.291e+07,1966080,1966080,0.5,1.100e+12,3.602e+16,0.000e+00,1.100e+12,1.100e+12,3.602e+16,8.812e+13,3.518e+13,8.812e+13,0.000e+00,1.407e+14,5.262e+13,1.248e-02,4.088e+02,1.248e-02,4.088e+02
attention,llama_3_1_8b,32x512,32,131072,1000,6.501e+07,6.501e+07,6.501e+07,2031616,2031616,0.5,1.100e+12,3.602e+16,0.000e+00,1.100e+12,1.100e+12,3.602e+16,8.812e+13,3.518e+13,8.812e+13,0.000e+00,1.407e+14,5.262e+13,1.248e-02,4.088e+02,1.248e-02,4.088e+02
attention,llama_3_1_8b,32x512,32,131072,1000,6.711e+07,6.711e+07,6.711e+07,2097152,2097152,0.5,1.100e+12,3.602e+16,0.000e+00,1.100e+12,1.100e+12,3.602e+16,8.812e+13,3.518e+13,8.812e+13,0.000e+00,1.407e+14,5.262e+13,1.248e-02,4.088e+02,1.248e-02,4.088e+02
attention,llama_3_1_8b,32x512,32,131072,1000,6.921e+07,6.921e+07,6.921e+07,2162688,2162688,0.5,1.100e+12,3.602e+16,0.000e+00,1.100e+12,1.100e+12,3.602e+16,8.812e+13,3.518e+13,8.812e+13,0.000e+00,1.407e+14,5.262e+13,1.248e-02,4.088e+02,1.248e-02,4.088e+02
attention,llama_3_1_8b,32x512,32,131072,1000,7.130e+07,7.130e+07,7.130e+07,2228224,2228224,0.5,1.100e+12,3.602e+16,0.000e+00,1.100e+12,1.100e+12,3.602e+16,8.812e+13,3.518e+13,8.812e+13,0.000e+00,1.407e+14,5.262e+13,1.248e-02,4.088e+02,1.248e-02,4.088e+02
attention,llama_3_1_8b,32x512,32,131072,1000,7.340e+07,7.340e+07,7.340e+07,2293760,2293760,0.5,1.100e+12,3.602e+16,0.000e+00,1.100e+12,1.100e+12,3.602e+16,8.812e+13,3.518e+13,8.812e+13,0.000e+00,1.407e+14,5.262e+13,1.248e-02,4.088e+02,1.248e-02,4.088e+02
attention,llama_3_1_8b,32x512,32,131072,1000,7.550e+07,7.550e+07,7.550e+07,2359296,2359296,0.5,1.100e+12,3.602e+16,0.000e+00,1.100e+12,1.100e+12,3.602e+16,8.812e+13,3.518e+13,8.812e+13,0.000e+00,1.407e+14,5.262e+13,1.248e-02,4.088e+02,1.248e-02,4.088e+02
attention,llama_3_1_8b,32x512,32,131072,1000,7.759e+07,7.759e+07,7.759e+07,2424832,2424832,0.5,1.100e+12,3.602e+16,0.000e+00,1.100e+12,1.100e+12,3.602e+16,8.812e+13,3.518e+13,8.812e+13,0.000e+00,1.407e+14,5.262e+13,1.248e-02,4.088e+02,1.248e-02,4.088e+02
attention,llama_3_1_8b,32x512,32,131072,1000,7.969e+07,7.969e+07,7.969e+07,2490368,2490368,0.5,1.100e+12,3.602e+16,0.000e+00,1.100e+12,1.100e+12,3.602e+16,8.812e+13,3.518e+13,8.812e+13,0.000e+00,1.407e+14,5.262e+13,1.248e-02,4.088e+02,1.248e-02,4.088e+02
attention,llama_3_1_8b,32x512,32,131072,1000,8.179e+07,8.179e+07,8.179e+07,2555904,2555904,0.5,1.100e+12,3.602e+16,0.000e+00,1.100e+12,1.100e+12,3.602e+16,8.812e+13,3.518e+13,8.812e+13,0.000e+00,1.407e+14,5.262e+13,1.248e-02,4.088e+02,1.248e-02,4.088e+02
attention,llama_3_1_8b,32x512,32,131072,1000,8.389e+07,8.389e+07,8.389e+07,2621440,2621440,0.5,1.100e+12,3.602e+16,0.000e+00,1.100e+12,1.100e+12,3.602e+16,8.812e+13,3.518e+13,8.812e+13,0.000e+00,1.407e+14,5.262e+13,1.248e-02,4.088e+02,1.248e-02,4.088e+02
proj/ffn,llama_3_1_8b,32x512,32,131072,1000,1.049e+07,1.049e+07,1.049e+07,327680,327680,0.5,1.052e+13,1.937e+15,4.292e+14,4.418e+14,8.710e+14,2.818e+15,1.922e+12,1.921e+12,1.922e+12,0.000e+00,7.685e+12,5.763e+12,5.475e+00,1.008e+03,4.533e+02,1.467e+03
proj/ffn,llama_3_1_8b,32x512,32,131072,1000,1.258e+07,1.258e+07,1.258e+07,393216,393216,0.5,1.052e+13,1.937e+15,2.896e+14,3.022e+14,5.918e+14,2.539e+15,1.922e+12,1.921e+12,1.922e+12,0.000e+00,7.685e+12,5.763e+12,5.474e+00,1.008e+03,3.080e+02,1.321e+03
proj/ffn,llama_3_1_8b,32x512,32,131072,1000,1.468e+07,1.468e+07,1.468e+07,458752,458752,0.5,1.048e+13,1.937e+15,1.500e+14,1.626e+14,3.126e+14,2.260e+15,1.922e+12,1.921e+12,1.922e+12,0.000e+00,7.685e+12,5.763e+12,5.455e+00,1.008e+03,1.626e+02,1.176e+03
proj/ffn,llama_3_1_8b,32x512,32,131072,1000,1.678e+07,1.678e+07,1.678e+07,524288,524288,0.5,1.048e+13,1.937e+15,1.478e+14,1.604e+14,3.083e+14,2.255e+15,1.921e+12,1.921e+12,1.921e+12,0.000e+00,7.685e+12,5.763e+12,5.456e+00,1.008e+03,1.604e+02,1.174e+03
proj/ffn,llama_3_1_8b,32x512,32,131072,1000,1.887e+07,1.887e+07,1.887e+07,589824,589824,0.5,1.048e+13,1.937e+15,1.457e+14,1.583e+14,3.040e+14,2.251e+15,1.922e+12,1.921e+12,1.922e+12,0.000e+00,7.685e+12,5.763e+12,5.456e+00,1.008e+03,1.582e+02,1.172e+03
proj/ffn,llama_3_1_8b,32x512,32,131072,1000,2.097e+07,2.097e+07,2.097e+07,655360,655360,0.5,1.048e+13,1.937e+15,1.435e+14,1.561e+14,2.997e+14,2.247e+15,1.922e+12,1.921e+12,1.922e+12,0.000e+00,7.685e+12,5.763e+12,5.454e+00,1.008e+03,1.559e+02,1.169e+03
proj/ffn,llama_3_1_8b,32x512,32,131072,1000,2.307e+07,2.307e+07,2.307e+07,720896,720896,0.5,1.048e+13,1.937e+15,1.414e+14,1.540e+14,2.953e+14,2.242e+15,1.922e+12,1.921e+12,1.922e+12,0.000e+00,7.685e+12,5.763e+12,5.455e+00,1.008e+03,1.537e+02,1.167e+03
proj/ffn,llama_3_1_8b,32x512,32,131072,1000,2.517e+07,2.517e+07,2.517e+07,786432,786432,0.5,1.048e+13,1.937e+15,1.392e+14,1.518e+14,2.910e+14,2.238e+15,1.922e+12,1.921e+12,1.922e+12,0.000e+00,7.685e+12,5.763e+12,5.455e+00,1.008e+03,1.515e+02,1.165e+03
proj/ffn,llama_3_1_8b,32x512,32,131072,1000,2.726e+07,2.726e+07,2.726e+07,851968,851968,0.5,1.048e+13,1.937e+15,1.371e+14,1.497e+14,2.867e+14,2.234e+15,1.922e+12,1.921e+12,1.922e+12,0.000e+00,7.685e+12,5.763e+12,5.454e+00,1.008e+03,1.492e+02,1.162e+03
proj/ffn,llama_3_1_8b,32x512,32,131072,1000,2.936e+07,2.936e+07,2.936e+07,917504,917504,0.5,1.048e+13,1.937e+15,1.349e+14,1.475e+14,2.824e+14,2.230e+15,1.922e+12,1.921e+12,1.922e+12,0.000e+00,7.684e+12,5.763e+12,5.454e+00,1.008e+03,1.470e+02,1.160e+03
proj/ffn,llama_3_1_8b,32x512,32,131072,1000,3.146e+07,3.146e+07,3.146e+07,983040,983040,0.5,1.048e+13,1.937e+15,1.328e+14,1.454e+14,2.781e+14,2.225e+15,1.922e+12,1.921e+12,1.922e+12,0.000e+00,7.684e+12,5.762e+12,5.453e+00,1.007e+03,1.447e+02,1.158e+03
proj/ffn,llama_3_1_8b,32x512,32,131072,1000,3.355e+07,3.355e+07,3.355e+07,1048576,1048576,0.5,1.048e+13,1.937e+15,1.306e+14,1.432e+14,2.738e+14,2.221e+15,1.921e+12,1.921e+12,1.921e+12,0.000e+00,7.684e+12,5.763e+12,5.455e+00,1.008e+03,1.425e+02,1.156e+03
proj/ffn,llama_3_1_8b,32x512,32,131072,1000,3.565e+07,3.565e+07,3.565e+07,1114112,1114112,0.5,1.048e+13,1.937e+15,1.284e+14,1.411e+14,2.695e+14,2.217e+15,1.922e+12,1.921e+12,1.922e+12,0.000e+00,7.684e+12,5.762e+12,5.452e+00,1.007e+03,1.402e+02,1.153e+03
proj/ffn,llama_3_1_8b,32x512,32,131072,1000,3.775e+07,3.775e+07,3.775e+07,1179648,1179648,0.5,1.048e+13,1.937e+15,1.263e+14,1.389e+14,2.652e+14,2.212e+15,1.922e+12,1.921e+12,1.922e+12,0.000e+00,7.684e+12,5.762e+12,5.453e+00,1.008e+03,1.380e+02,1.151e+03
proj/ffn,llama_3_1_8b,32x512,32,131072,1000,3.985e+07,3.985e+07,3.985e+07,1245184,1245184,0.5,1.048e+13,1.937e+15,1.241e+14,1.368e+14,2.609e+14,2.208e+15,1.922e+12,1.921e+12,1.922e+12,0.000e+00,7.684e+12,5.763e+12,5.455e+00,1.008e+03,1.358e+02,1.149e+03
proj/ffn,llama_3_1_8b,32x512,32,131072,1000,4.194e+07,4.194e+07,4.194e+07,1310720,1310720,0.5,1.048e+13,1.937e+15,1.220e+14,1.346e+14,2.566e+14,2.204e+15,1.922e+12,1.921e+12,1.922e+12,0.000e+00,7.684e+12,5.762e+12,5.454e+00,1.008e+03,1.335e+02,1.147e+03
proj/ffn,llama_3_1_8b,32x512,32,131072,1000,4.404e+07,4.404e+07,4.404e+07,1376256,1376256,0.5,1.048e+13,1.937e+15,1.198e+14,1.325e+14,2.523e+14,2.199e+15,1.922e+12,1.921e+12,1.922e+12,0.000e+00,7.684e+12,5.762e+12,5.452e+00,1.007e+03,1.312e+02,1.144e+03
proj/ffn,llama_3_1_8b,32x512,32,131072,1000,4.614e+07,4.614e+07,4.614e+07,1441792,1441792,0.5,1.048e+13,1.937e+15,1.177e+14,1.303e+14,2.480e+14,2.195e+15,1.922e+12,1.921e+12,1.922e+12,0.000e+00,7.684e+12,5.762e+12,5.452e+00,1.007e+03,1.290e+02,1.142e+03
proj/ffn,llama_3_1_8b,32x512,32,131072,1000,4.823e+07,4.823e+07,4.823e+07,1507328,1507328,0.5,1.048e+13,1.937e+15,1.155e+14,1.282e+14,2.437e+14,2.191e+15,1.922e+12,1.921e+12,1.922e+12,0.000e+00,7.684e+12,5.762e+12,5.452e+00,1.007e+03,1.268e+02,1.140e+03
proj/ffn,llama_3_1_8b,32x512,32,131072,1000,5.033e+07,5.033e+07,5.033e+07,1572864,1572864,0.5,1.048e+13,1.937e+15,1.134e+14,1.260e+14,2.394e+14,2.186e+15,1.922e+12,1.921e+12,1.922e+12,0.000e+00,7.684e+12,5.762e+12,5.452e+00,1.007e+03,1.245e+02,1.137e+03
proj/ffn,llama_3_1_8b,32x512,32,131072,1000,5.243e+07,5.243e+07,5.243e+07,1638400,1638400,0.5,1.048e+13,1.937e+15,1.112e+14,1.238e+14,2.351e+14,2.182e+15,1.922e+12,1.921e+12,1.922e+12,0.000e+00,7.684e+12,5.762e+12,5.452e+00,1.007e+03,1.223e+02,1.135e+03
proj/ffn,llama_3_1_8b,32x512,32,131072,1000,5.453e+07,5.453e+07,5.453e+07,1703936,1703936,0.5,1.048e+13,1.937e+15,1.091e+14,1.217e+14,2.308e+14,2.178e+15,1.922e+12,1.921e+12,1.922e+12,0.000e+00,7.684e+12,5.762e+12,5.453e+00,1.008e+03,1.201e+02,1.133e+03
proj/ffn,llama_3_1_8b,32x512,32,131072,1000,5.662e+07,5.662e+07,5.662e+07,1769472,1769472,0.5,1.048e+13,1.937e+15,1.069e+14,1.195e+14,2.265e+14,2.174e+15,1.922e+12,1.921e+12,1.922e+12,0.000e+00,7.684e+12,5.763e+12,5.454e+00,1.008e+03,1.179e+02,1.131e+03
proj/ffn,llama_3_1_8b,32x512,32,131072,1000,5.872e+07,5.872e+07,5.872e+07,1835008,1835008,0.5,1.048e+13,1.937e+15,1.048e+14,1.174e+14,2.222e+14,2.169e+15,1.923e+12,1.921e+12,1.923e+12,0.000e+00,7.684e+12,5.762e+12,5.451e+00,1.007e+03,1.155e+02,1.128e+03
proj/ffn,llama_3_1_8b,32x512,32,131072,1000,6.082e+07,6.082e+07,6.082e+07,1900544,1900544,0.5,1.048e+13,1.937e+15,1.026e+14,1.152e+14,2.178e+14,2.165e+15,1.922e+12,1.921e+12,1.922e+12,0.000e+00,7.684e+12,5.762e+12,5.453e+00,1.008e+03,1.133e+02,1.126e+03
proj/ffn,llama_3_1_8b,32x512,32,131072,1000,6.291e+07,6.291e+07,6.291e+07,1966080,1966080,0.5,1.048e+13,1.937e+15,1.005e+14,1.131e+14,2.135e+14,2.161e+15,1.923e+12,1.921e+12,1.923e+12,0.000e+00,7.684e+12,5.761e+12,5.450e+00,1.007e+03,1.110e+02,1.124e+03
proj/ffn,llama_3_1_8b,32x512,32,131072,1000,6.501e+07,6.501e+07,6.501e+07,2031616,2031616,0.5,1.048e+13,1.937e+15,9.831e+13,1.109e+14,2.092e+14,2.156e+15,1.922e+12,1.921e+12,1.922e+12,0.000e+00,7.684e+12,5.762e+12,5.452e+00,1.007e+03,1.088e+02,1.122e+03
proj/ffn,llama_3_1_8b,32x512,32,131072,1000,6.711e+07,6.711e+07,6.711e+07,2097152,2097152,0.5,1.048e+13,1.937e+15,9.615e+13,1.088e+14,2.049e+14,2.152e+15,1.921e+12,1.921e+12,1.921e+12,0.000e+00,7.684e+12,5.763e+12,5.454e+00,1.008e+03,1.067e+02,1.120e+03
proj/ffn,llama_3_1_8b,32x512,32,131072,1000,6.921e+07,6.921e+07,6.921e+07,2162688,2162688,0.5,1.048e+13,1.937e+15,9.400e+13,1.066e+14,2.006e+14,2.148e+15,1.922e+12,1.921e+12,1.922e+12,0.000e+00,7.684e+12,5.762e+12,5.452e+00,1.007e+03,1.044e+02,1.117e+03
proj/ffn,llama_3_1_8b,32x512,32,131072,1000,7.130e+07,7.130e+07,7.130e+07,2228224,2228224,0.5,1.048e+13,1.937e+15,9.185e+13,1.045e+14,1.963e+14,2.143e+15,1.923e+12,1.921e+12,1.923e+12,0.000e+00,7.684e+12,5.761e+12,5.449e+00,1.007e+03,1.021e+02,1.114e+03
proj/ffn,llama_3_1_8b,32x512,32,131072,1000,7.340e+07,7.340e+07,7.340e+07,2293760,2293760,0.5,1.048e+13,1.937e+15,8.970e+13,1.023e+14,1.920e+14,2.139e+15,1.922e+12,1.921e+12,1.922e+12,0.000e+00,7.684e+12,5.762e+12,5.452e+00,1.007e+03,9.989e+01,1.113e+03
proj/ffn,llama_3_1_8b,32x512,32,131072,1000,7.550e+07,7.550e+07,7.550e+07,2359296,2359296,0.5,1.048e+13,1.937e+15,8.754e+13,1.002e+14,1.877e+14,2.135e+15,1.923e+12,1.921e+12,1.923e+12,0.000e+00,7.684e+12,5.761e+12,5.450e+00,1.007e+03,9.761e+01,1.110e+03
proj/ffn,llama_3_1_8b,32x512,32,131072,1000,7.759e+07,7.759e+07,7.759e+07,2424832,2424832,0.5,1.048e+13,1.937e+15,8.539e+13,9.801e+13,1.834e+14,2.130e+15,1.922e+12,1.921e+12,1.922e+12,0.000e+00,7.684e+12,5.762e+12,5.453e+00,1.008e+03,9.543e+01,1.109e+03
proj/ffn,llama_3_1_8b,32x512,32,131072,1000,7.969e+07,7.969e+07,7.969e+07,2490368,2490368,0.5,1.048e+13,1.937e+15,8.324e+13,9.586e+13,1.791e+14,2.126e+15,1.923e+12,1.921e+12,1.923e+12,0.000e+00,7.684e+12,5.761e+12,5.451e+00,1.007e+03,9.315e+01,1.106e+03
proj/ffn,llama_3_1_8b,32x512,32,131072,1000,8.179e+07,8.179e+07,8.179e+07,2555904,2555904,0.5,1.048e+13,1.937e+15,8.108e+13,9.370e+13,1.748e+14,2.122e+15,1.923e+12,1.921e+12,1.923e+12,0.000e+00,7.684e+12,5.761e+12,5.449e+00,1.007e+03,9.087e+01,1.103e+03
proj/ffn,llama_3_1_8b,32x512,32,131072,1000,8.389e+07,8.389e+07,8.389e+07,2621440,2621440,0.5,1.048e+13,1.937e+15,7.893e+13,9.155e+13,1.705e+14,2.118e+15,1.922e+12,1.921e+12,1.922e+12,0.000e+00,7.684e+12,5.762e+12,5.453e+00,1.008e+03,8.870e+01,1.102e+03
