model,array_dim,batch_size,max_seq_len,frequency,phase,operator_class,operator,gemm,multiplicity,cycles_per_instance,cycle_count,phase_cycle_count,class_cycle_count,share_of_phase,share_of_model,model_cycle_count
deepseek_v4,128x512,512,1048576,1000,decode,attention,av_csa,av_csa_dc,3.000e+01,7.054e+13,2.116e+15,4.684e+15,4.391e+15,0.4518,0.4517,4.684e+15
deepseek_v4,128x512,512,1048576,1000,decode,attention,av_hca,av_hca_dc,3.100e+01,2.333e+12,7.234e+13,4.684e+15,4.391e+15,0.0154,0.0154,4.684e+15
deepseek_v4,128x512,512,1048576,1000,decode,attention,qkt_csa,qkt_csa_dc,3.000e+01,7.082e+13,2.125e+15,4.684e+15,4.391e+15,0.4536,0.4536,4.684e+15
deepseek_v4,128x512,512,1048576,1000,decode,attention,qkt_hca,qkt_hca_dc,3.100e+01,2.495e+12,7.736e+13,4.684e+15,4.391e+15,0.0165,0.0165,4.684e+15
deepseek_v4,128x512,512,1048576,1000,decode,ffn,down_proj,down_proj_dc,4.469e+08,1.720e+05,7.688e+13,4.684e+15,2.306e+14,0.0164,0.0164,4.684e+15
deepseek_v4,128x512,512,1048576,1000,decode,ffn,gate_proj,gate_proj_dc,4.469e+08,1.720e+05,7.688e+13,4.684e+15,2.306e+14,0.0164,0.0164,4.684e+15
deepseek_v4,128x512,512,1048576,1000,decode,ffn,up_proj,up_proj_dc,4.469e+08,1.720e+05,7.688e+13,4.684e+15,2.306e+14,0.0164,0.0164,4.684e+15
deepseek_v4,128x512,512,1048576,1000,decode,lm_head,lm_head,lm_head_dc,1.047e+06,7.254e+06,7.592e+12,4.684e+15,7.592e+12,0.0016,0.0016,4.684e+15
deepseek_v4,128x512,512,1048576,1000,decode,projection,a_proj,a_proj_dc,6.384e+07,4.014e+05,2.563e+13,4.684e+15,5.491e+13,0.0055,0.0055,4.684e+15
deepseek_v4,128x512,512,1048576,1000,decode,projection,proj_k,proj_k_dc,6.384e+07,2.867e+04,1.830e+12,4.684e+15,5.491e+13,0.0004,0.0004,4.684e+15
deepseek_v4,128x512,512,1048576,1000,decode,projection,proj_q,proj_q_dc,6.384e+07,4.014e+05,2.563e+13,4.684e+15,5.491e+13,0.0055,0.0055,4.684e+15
deepseek_v4,128x512,512,1048576,1000,decode,projection,proj_v,proj_v_dc,6.384e+07,2.867e+04,1.830e+12,4.684e+15,5.491e+13,0.0004,0.0004,4.684e+15
deepseek_v4,128x512,512,1048576,1000,prefill,attention,av,av_pf,6.100e+01,2.181e+09,1.330e+11,7.406e+11,1.663e+11,0.1796,0.0000,4.684e+15
deepseek_v4,128x512,512,1048576,1000,prefill,attention,qkt,qkt_pf,6.100e+01,5.453e+08,3.326e+10,7.406e+11,1.663e+11,0.0449,0.0000,4.684e+15
deepseek_v4,128x512,512,1048576,1000,prefill,ffn,down_proj,down_proj_pf,4.270e+02,3.527e+08,1.506e+11,7.406e+11,4.518e+11,0.2033,0.0000,4.684e+15
deepseek_v4,128x512,512,1048576,1000,prefill,ffn,gate_proj,gate_proj_pf,4.270e+02,3.527e+08,1.506e+11,7.406e+11,4.518e+11,0.2033,0.0000,4.684e+15
deepseek_v4,128x512,512,1048576,1000,prefill,ffn,up_proj,up_proj_pf,4.270e+02,3.527e+08,1.506e+11,7.406e+11,4.518e+11,0.2033,0.0000,4.684e+15
deepseek_v4,128x512,512,1048576,1000,prefill,lm_head,lm_head,lm_head_pf,1.000e+00,1.487e+10,1.487e+10,7.406e+11,1.487e+10,0.0201,0.0000,4.684e+15
deepseek_v4,128x512,512,1048576,1000,prefill,projection,a_proj,a_proj_pf,6.100e+01,8.229e+08,5.020e+10,7.406e+11,1.077e+11,0.0678,0.0000,4.684e+15
deepseek_v4,128x512,512,1048576,1000,prefill,projection,proj_k,proj_k_pf,6.100e+01,5.964e+07,3.638e+09,7.406e+11,1.077e+11,0.0049,0.0000,4.684e+15
deepseek_v4,128x512,512,1048576,1000,prefill,projection,proj_q,proj_q_pf,6.100e+01,8.229e+08,5.020e+10,7.406e+11,1.077e+11,0.0678,0.0000,4.684e+15
deepseek_v4,128x512,512,1048576,1000,prefill,projection,proj_v,proj_v_pf,6.100e+01,5.964e+07,3.638e+09,7.406e+11,1.077e+11,0.0049,0.0000,4.684e+15
llama_3_1_405b,512x512,512,131072,1000,decode,attention,av,av_dc,1.260e+02,1.108e+12,1.396e+14,3.810e+14,2.792e+14,0.3665,0.3648,3.828e+14
llama_3_1_405b,512x512,512,131072,1000,decode,attention,qkt,qkt_dc,1.260e+02,1.108e+12,1.396e+14,3.810e+14,2.792e+14,0.3665,0.3648,3.828e+14
llama_3_1_405b,512x512,512,131072,1000,decode,ffn,down_proj,down_proj_dc,1.626e+07,1.704e+06,2.770e+13,3.810e+14,8.310e+13,0.0727,0.0724,3.828e+14
llama_3_1_405b,512x512,512,131072,1000,decode,ffn,gate_proj,gate_proj_dc,1.626e+07,1.704e+06,2.770e+13,3.810e+14,8.310e+13,0.0727,0.0724,3.828e+14
llama_3_1_405b,512x512,512,131072,1000,decode,ffn,up_proj,up_proj_dc,1.626e+07,1.704e+06,2.770e+13,3.810e+14,8.310e+13,0.0727,0.0724,3.828e+14
llama_3_1_405b,512x512,512,131072,1000,decode,lm_head,lm_head,lm_head_dc,1.290e+05,4.112e+06,5.306e+11,3.810e+14,5.306e+11,0.0014,0.0014,3.828e+14
llama_3_1_405b,512x512,512,131072,1000,decode,projection,a_proj,a_proj_dc,1.626e+07,5.243e+05,8.523e+12,3.810e+14,1.811e+13,0.0224,0.0223,3.828e+14
llama_3_1_405b,512x512,512,131072,1000,decode,projection,proj_k,proj_k_dc,1.626e+07,3.277e+04,5.327e+11,3.810e+14,1.811e+13,0.0014,0.0014,3.828e+14
llama_3_1_405b,512x512,512,131072,1000,decode,projection,proj_q,proj_q_dc,1.626e+07,5.243e+05,8.523e+12,3.810e+14,1.811e+13,0.0224,0.0223,3.828e+14
llama_3_1_405b,512x512,512,131072,1000,decode,projection,proj_v,proj_v_dc,1.626e+07,3.277e+04,5.327e+11,3.810e+14,1.811e+13,0.0014,0.0014,3.828e+14
llama_3_1_405b,512x512,512,131072,1000,prefill,attention,av,av_pf,1.260e+02,5.872e+08,7.399e+10,1.765e+12,1.480e+11,0.0419,0.0002,3.828e+14
llama_3_1_405b,512x512,512,131072,1000,prefill,attention,qkt,qkt_pf,1.260e+02,5.872e+08,7.399e+10,1.765e+12,1.480e+11,0.0419,0.0002,3.828e+14
llama_3_1_405b,512x512,512,131072,1000,prefill,ffn,down_proj,down_proj_pf,1.260e+02,3.493e+09,4.401e+11,1.765e+12,1.320e+12,0.2494,0.0011,3.828e+14
llama_3_1_405b,512x512,512,131072,1000,prefill,ffn,gate_proj,gate_proj_pf,1.260e+02,3.493e+09,4.401e+11,1.765e+12,1.320e+12,0.2494,0.0011,3.828e+14
llama_3_1_405b,512x512,512,131072,1000,prefill,ffn,up_proj,up_proj_pf,1.260e+02,3.493e+09,4.401e+11,1.765e+12,1.320e+12,0.2494,0.0011,3.828e+14
llama_3_1_405b,512x512,512,131072,1000,prefill,lm_head,lm_head,lm_head_pf,1.000e+00,8.430e+09,8.430e+09,1.765e+12,8.430e+09,0.0048,0.0000,3.828e+14
llama_3_1_405b,512x512,512,131072,1000,prefill,projection,a_proj,a_proj_pf,1.260e+02,1.075e+09,1.354e+11,1.765e+12,2.878e+11,0.0767,0.0004,3.828e+14
llama_3_1_405b,512x512,512,131072,1000,prefill,projection,proj_k,proj_k_pf,1.260e+02,6.717e+07,8.464e+09,1.765e+12,2.878e+11,0.0048,0.0000,3.828e+14
llama_3_1_405b,512x512,512,131072,1000,prefill,projection,proj_q,proj_q_pf,1.260e+02,1.075e+09,1.354e+11,1.765e+12,2.878e+11,0.0767,0.0004,3.828e+14
llama_3_1_405b,512x512,512,131072,1000,prefill,projection,proj_v,proj_v_pf,1.260e+02,6.717e+07,8.464e+09,1.765e+12,2.878e+11,0.0048,0.0000,3.828e+14
llama_3_1_70b,256x256,512,131072,1000,decode,attention,av,av_dc,8.000e+01,1.104e+12,8.830e+13,2.467e+14,1.766e+14,0.3580,0.3562,2.479e+14
llama_3_1_70b,256x256,512,131072,1000,decode,attention,qkt,qkt_dc,8.000e+01,1.104e+12,8.830e+13,2.467e+14,1.766e+14,0.3580,0.3562,2.479e+14
llama_3_1_70b,256x256,512,131072,1000,decode,ffn,down_proj,down_proj_dc,1.032e+07,1.835e+06,1.894e+13,2.467e+14,5.682e+13,0.0768,0.0764,2.479e+14
llama_3_1_70b,256x256,512,131072,1000,decode,ffn,gate_proj,gate_proj_dc,1.032e+07,1.835e+06,1.894e+13,2.467e+14,5.682e+13,0.0768,0.0764,2.479e+14
llama_3_1_70b,256x256,512,131072,1000,decode,ffn,up_proj,up_proj_dc,1.032e+07,1.835e+06,1.894e+13,2.467e+14,5.682e+13,0.0768,0.0764,2.479e+14
llama_3_1_70b,256x256,512,131072,1000,decode,lm_head,lm_head,lm_head_dc,1.290e+05,8.208e+06,1.059e+12,2.467e+14,1.059e+12,0.0043,0.0043,2.479e+14
llama_3_1_70b,256x256,512,131072,1000,decode,projection,a_proj,a_proj_dc,1.032e+07,5.243e+05,5.412e+12,2.467e+14,1.218e+13,0.0219,0.0218,2.479e+14
llama_3_1_70b,256x256,512,131072,1000,decode,projection,proj_k,proj_k_dc,1.032e+07,6.554e+04,6.765e+11,2.467e+14,1.218e+13,0.0027,0.0027,2.479e+14
llama_3_1_70b,256x256,512,131072,1000,decode,projection,proj_q,proj_q_dc,1.032e+07,5.243e+05,5.412e+12,2.467e+14,1.218e+13,0.0219,0.0218,2.479e+14
llama_3_1_70b,256x256,512,131072,1000,decode,projection,proj_v,proj_v_dc,1.032e+07,6.554e+04,6.765e+11,2.467e+14,1.218e+13,0.0027,0.0027,2.479e+14
llama_3_1_70b,256x256,512,131072,1000,prefill,attention,av,av_pf,8.000e+01,6.711e+08,5.369e+10,1.226e+12,1.074e+11,0.0438,0.0002,2.479e+14
llama_3_1_70b,256x256,512,131072,1000,prefill,attention,qkt,qkt_pf,8.000e+01,6.711e+08,5.369e+10,1.226e+12,1.074e+11,0.0438,0.0002,2.479e+14
llama_3_1_70b,256x256,512,131072,1000,prefill,ffn,down_proj,down_proj_pf,8.000e+01,3.780e+09,3.024e+11,1.226e+12,9.072e+11,0.2467,0.0012,2.479e+14
llama_3_1_70b,256x256,512,131072,1000,prefill,ffn,gate_proj,gate_proj_pf,8.000e+01,3.780e+09,3.024e+11,1.226e+12,9.072e+11,0.2467,0.0012,2.479e+14
llama_3_1_70b,256x256,512,131072,1000,prefill,ffn,up_proj,up_proj_pf,8.000e+01,3.780e+09,3.024e+11,1.226e+12,9.072e+11,0.2467,0.0012,2.479e+14
llama_3_1_70b,256x256,512,131072,1000,prefill,lm_head,lm_head,lm_head_pf,1.000e+00,1.691e+10,1.691e+10,1.226e+12,1.691e+10,0.0138,0.0001,2.479e+14
llama_3_1_70b,256x256,512,131072,1000,prefill,projection,a_proj,a_proj_pf,8.000e+01,1.080e+09,8.640e+10,1.226e+12,1.944e+11,0.0705,0.0003,2.479e+14
llama_3_1_70b,256x256,512,131072,1000,prefill,projection,proj_k,proj_k_pf,8.000e+01,1.350e+08,1.080e+10,1.226e+12,1.944e+11,0.0088,0.0000,2.479e+14
llama_3_1_70b,256x256,512,131072,1000,prefill,projection,proj_q,proj_q_pf,8.000e+01,1.080e+09,8.640e+10,1.226e+12,1.944e+11,0.0705,0.0003,2.479e+14
llama_3_1_70b,256x256,512,131072,1000,prefill,projection,proj_v,proj_v_pf,8.000e+01,1.350e+08,1.080e+10,1.226e+12,1.944e+11,0.0088,0.0000,2.479e+14
llama_3_1_8b,64x256,128,131072,1000,decode,attention,av,av_dc,3.200e+01,5.502e+11,1.761e+13,3.400e+13,2.644e+13,0.5178,0.5158,3.414e+13
llama_3_1_8b,64x256,128,131072,1000,decode,attention,qkt,qkt_dc,3.200e+01,2.759e+11,8.830e+12,3.400e+13,2.644e+13,0.2597,0.2587,3.414e+13
llama_3_1_8b,64x256,128,131072,1000,decode,ffn,down_proj,down_proj_dc,4.129e+06,4.588e+05,1.894e+12,3.400e+13,5.682e+12,0.0557,0.0555,3.414e+13
llama_3_1_8b,64x256,128,131072,1000,decode,ffn,gate_proj,gate_proj_dc,4.129e+06,4.588e+05,1.894e+12,3.400e+13,5.682e+12,0.0557,0.0555,3.414e+13
llama_3_1_8b,64x256,128,131072,1000,decode,ffn,up_proj,up_proj_dc,4.129e+06,4.588e+05,1.894e+12,3.400e+13,5.682e+12,0.0557,0.0555,3.414e+13
llama_3_1_8b,64x256,128,131072,1000,decode,lm_head,lm_head,lm_head_dc,1.290e+05,4.104e+06,5.295e+11,3.400e+13,5.295e+11,0.0156,0.0155,3.414e+13
llama_3_1_8b,64x256,128,131072,1000,decode,projection,a_proj,a_proj_dc,4.129e+06,1.311e+05,5.412e+11,3.400e+13,1.353e+12,0.0159,0.0159,3.414e+13
llama_3_1_8b,64x256,128,131072,1000,decode,projection,proj_k,proj_k_dc,4.129e+06,3.277e+04,1.353e+11,3.400e+13,1.353e+12,0.0040,0.0040,3.414e+13
llama_3_1_8b,64x256,128,131072,1000,decode,projection,proj_q,proj_q_dc,4.129e+06,1.311e+05,5.412e+11,3.400e+13,1.353e+12,0.0159,0.0159,3.414e+13
llama_3_1_8b,64x256,128,131072,1000,decode,projection,proj_v,proj_v_dc,4.129e+06,3.277e+04,1.353e+11,3.400e+13,1.353e+12,0.0040,0.0040,3.414e+13
llama_3_1_8b,64x256,128,131072,1000,prefill,attention,av,av_pf,3.200e+01,2.684e+08,8.590e+09,1.348e+11,1.288e+10,0.0637,0.0003,3.414e+13
llama_3_1_8b,64x256,128,131072,1000,prefill,attention,qkt,qkt_pf,3.200e+01,1.342e+08,4.295e+09,1.348e+11,1.288e+10,0.0319,0.0001,3.414e+13
llama_3_1_8b,64x256,128,131072,1000,prefill,ffn,down_proj,down_proj_pf,3.200e+01,9.542e+08,3.053e+10,1.348e+11,9.160e+10,0.2265,0.0009,3.414e+13
llama_3_1_8b,64x256,128,131072,1000,prefill,ffn,gate_proj,gate_proj_pf,3.200e+01,9.542e+08,3.053e+10,1.348e+11,9.160e+10,0.2265,0.0009,3.414e+13
llama_3_1_8b,64x256,128,131072,1000,prefill,ffn,up_proj,up_proj_pf,3.200e+01,9.542e+08,3.053e+10,1.348e+11,9.160e+10,0.2265,0.0009,3.414e+13
llama_3_1_8b,64x256,128,131072,1000,prefill,lm_head,lm_head,lm_head_pf,1.000e+00,8.537e+09,8.537e+09,1.348e+11,8.537e+09,0.0633,0.0003,3.414e+13
llama_3_1_8b,64x256,128,131072,1000,prefill,projection,a_proj,a_proj_pf,3.200e+01,2.726e+08,8.724e+09,1.348e+11,2.181e+10,0.0647,0.0003,3.414e+13
llama_3_1_8b,64x256,128,131072,1000,prefill,projection,proj_k,proj_k_pf,3.200e+01,6.816e+07,2.181e+09,1.348e+11,2.181e+10,0.0162,0.0001,3.414e+13
llama_3_1_8b,64x256,128,131072,1000,prefill,projection,proj_q,proj_q_pf,3.200e+01,2.726e+08,8.724e+09,1.348e+11,2.181e+10,0.0647,0.0003,3.414e+13
llama_3_1_8b,64x256,128,131072,1000,prefill,projection,proj_v,proj_v_pf,3.200e+01,6.816e+07,2.181e+09,1.348e+11,2.181e+10,0.0162,0.0001,3.414e+13
